Time (ms),Trajectory Position (mm),Measured Position (mm)
10.0,118.59220312499994,118.59567578124994
20.0,118.59220312499994,118.59567578124994
30.0,118.59220312499994,118.59567578124994
40.0,118.59220312499994,118.59567578124994
50.0,118.59220312499994,118.59567578124994
60.0,118.59220312499994,118.59567578124994
70.0,118.59220312499994,118.59567578124994
80.0,118.59220312499994,118.59567578124994
90.0,118.59220312499994,118.59567578124994
100.0,118.59220312499994,118.59567578124994
110.0,118.59220312499994,118.59567578124994
120.0,118.59220312499994,118.59567578124994
130.0,118.59220312499994,118.59567578124994
140.0,118.59220312499994,118.59567578124994
150.0,118.59220312499994,118.59567578124994
160.0,118.59220312499994,118.59567578124994
170.0,118.59220312499994,118.59567578124994
180.0,118.59220312499994,118.59567578124994
190.0,118.59220312499994,118.59567578124994
200.0,118.59220312499994,118.59567578124994
210.0,118.59220312499994,118.59567578124994
220.0,118.59220312499994,118.59567578124994
230.0,118.59220312499994,118.59567578124994
240.0,118.59220312499994,118.59567578124994
250.0,118.59220312499994,118.59567578124994
260.0,118.59220312499994,118.59567578124994
270.0,118.59220312499994,118.59567578124994
280.0,118.59220312499994,118.59567578124994
290.0,118.59220312499994,118.59567578124994
300.0,118.59220312499994,118.59567578124994
310.0,118.59220312499994,118.59567578124994
320.0,118.59220312499994,118.59567578124994
330.0,118.59220312499994,118.59567578124994
340.0,118.59220312499994,118.59567578124994
350.0,118.59220312499994,118.59567578124994
360.0,118.59220312499994,118.59567578124994
370.0,118.59220312499994,118.59567578124994
380.0,118.59220312499994,118.59567578124994
390.0,118.59220312499994,118.59567578124994
400.0,118.59220312499994,118.59567578124994
410.0,118.59220312499994,118.59567578124994
420.0,118.59220312499994,118.59567578124994
430.0,118.59220312499994,118.59567578124994
440.0,118.59220312499994,118.59567578124994
450.0,118.59220312499994,118.59567578124994
460.0,118.59220312499994,118.59567578124994
470.0,118.59220312499994,118.59567578124994
480.0,118.59220312499994,118.59567578124994
490.0,118.59220312499994,118.59567578124994
500.0,118.59220312499994,118.59567578124994
510.0,118.59220312499994,118.59567578124994
520.0,118.59220312499994,118.59567578124994
530.0,118.59220312499994,118.59567578124994
540.0,118.59220312499994,118.59567578124994
550.0,118.59220312499994,118.59567578124994
560.0,118.59220312499994,118.59567578124994
570.0,118.59220312499994,118.59567578124994
580.0,118.59220312499994,118.59567578124994
590.0,118.59220312499994,118.59567578124994
600.0,118.59220312499994,118.59567578124994
610.0,118.59220312499994,118.59567578124994
620.0,118.59220312499994,118.59567578124994
630.0,118.59220312499994,118.59567578124994
640.0,118.59220312499994,118.59567578124994
650.0,118.59220312499994,118.59567578124994
660.0,118.59220312499994,118.59567578124994
670.0,118.59220312499994,118.59567578124994
680.0,118.59220312499994,118.59567578124994
690.0,118.59220312499994,118.59567578124994
700.0,118.59220312499994,118.59567578124994
710.0,118.59220312499994,118.59567578124994
720.0,118.59220312499994,118.59567578124994
730.0,118.59220312499994,118.59567578124994
740.0,118.59220312499994,118.59567578124994
750.0,118.59220312499994,118.59567578124994
760.0,118.59220312499994,118.59567578124994
770.0,118.59220312499994,118.59567578124994
780.0,118.59220312499994,118.59567578124994
790.0,118.59220312499994,118.59567578124994
800.0,118.59220312499994,118.59567578124994
810.0,118.59220312499994,118.59567578124994
820.0,118.59220312499994,118.59567578124994
830.0,118.59220312499994,118.59567578124994
840.0,118.59220312499994,118.59567578124994
850.0,118.59220312499994,118.59567578124994
860.0,118.59220312499994,118.59567578124994
870.0,118.59220312499994,118.59567578124994
880.0,118.59220312499994,118.59567578124994
890.0,118.59220312499994,118.59567578124994
900.0,118.59220312499994,118.59567578124994
910.0,118.59220312499994,118.59567578124994
920.0,118.59220312499994,118.59567578124994
930.0,118.59220312499994,118.59567578124994
940.0,118.59220312499994,118.59567578124994
950.0,118.59220312499994,118.59567578124994
960.0,118.59220312499994,118.59567578124994
970.0,118.59220312499994,118.59567578124994
980.0,118.59220312499994,118.59567578124994
990.0,118.59220312499994,118.59567578124994
1000.0,118.59220312499994,118.59567578124994
1010.0,118.59220312499994,118.59567578124994
1020.0,118.59220312499994,118.59567578124994
1030.0,118.59220312499994,118.59567578124994
1040.0,118.59220312499994,118.59567578124994
1050.0,118.59220312499994,118.59567578124994
1060.0,118.59220312499994,118.59567578124994
1070.0,118.59220312499994,118.59567578124994
1080.0,118.59220312499994,118.59567578124994
1090.0,118.59220312499994,118.59567578124994
1100.0,118.59220312499994,118.59567578124994
1110.0,118.59220312499994,118.59567578124994
1120.0,118.59220312499994,118.59567578124994
1130.0,118.59220312499994,118.59567578124994
1140.0,118.59220312499994,118.59567578124994
1150.0,118.59220312499994,118.59567578124994
1160.0,118.59220312499994,118.59567578124994
1170.0,118.59220312499994,118.59567578124994
1180.0,118.59220312499994,118.59567578124994
1190.0,118.59220312499994,118.59567578124994
1200.0,118.59220312499994,118.59567578124994
1210.0,118.59220312499994,118.59567578124994
1220.0,118.59220312499994,118.59567578124994
1230.0,118.59220312499994,118.59567578124994
1240.0,118.59220312499994,118.59567578124994
1250.0,118.59220312499994,118.59567578124994
1260.0,118.59220312499994,118.59567578124994
1270.0,118.59220312499994,118.59567578124994
1280.0,118.59220312499994,118.59567578124994
1290.0,118.59220312499994,118.59567578124994
1300.0,118.59220312499994,118.59567578124994
1310.0,118.59220312499994,118.59567578124994
1320.0,118.59220312499994,118.59567578124994
1330.0,118.59220312499994,118.59567578124994
1340.0,118.59220312499994,118.59567578124994
1350.0,118.59220312499994,118.59567578124994
1360.0,118.59220312499994,118.59567578124994
1370.0,118.59220312499994,118.59567578124994
1380.0,118.59220312499994,118.59567578124994
1390.0,118.59220312499994,118.59567578124994
1400.0,118.59220312499994,118.59567578124994
1410.0,118.59220312499994,118.59567578124994
1420.0,118.59220312499994,118.59567578124994
1430.0,118.59220312499994,118.59567578124994
1440.0,118.59220312499994,118.59567578124994
1450.0,118.59220312499994,118.59567578124994
1460.0,118.59220312499994,118.59567578124994
1470.0,118.59220312499994,118.59567578124994
1480.0,118.59220312499994,118.59567578124994
1490.0,118.59220312499994,118.59567578124994
1500.0,118.59220312499994,118.59567578124994
1510.0,118.59220312499994,118.59567578124994
1520.0,118.59220312499994,118.59567578124994
1530.0,118.59220312499994,118.59567578124994
1540.0,118.59220312499994,118.59567578124994
1550.0,118.59220312499994,118.59567578124994
1560.0,118.59220312499994,118.59567578124994
1570.0,118.59220312499994,118.59567578124994
1580.0,118.59220312499994,118.59567578124994
1590.0,118.59220312499994,118.59567578124994
1600.0,118.59220312499994,118.59567578124994
1610.0,118.59220312499994,118.59567578124994
1620.0,118.59220312499994,118.59567578124994
1630.0,118.59220312499994,118.59567578124994
1640.0,118.59220312499994,118.59567578124994
1650.0,118.59220312499994,118.59567578124994
1660.0,118.59220312499994,118.59567578124994
1670.0,118.59220312499994,118.59567578124994
1680.0,118.59220312499994,118.59567578124994
1690.0,118.59220312499994,118.59567578124994
1700.0,118.59220312499994,118.59567578124994
1710.0,118.59220312499994,118.59567578124994
1720.0,118.59220312499994,118.59567578124994
1730.0,118.59220312499994,118.59567578124994
1740.0,118.59220312499994,118.59567578124994
1750.0,118.59220312499994,118.59567578124994
1760.0,118.59220312499994,118.59567578124994
1770.0,118.59220312499994,118.59567578124994
1780.0,118.59220312499994,118.59567578124994
1790.0,118.59220312499994,118.59567578124994
1800.0,118.59220312499994,118.59567578124994
1810.0,118.59220312499994,118.59567578124994
1820.0,118.59220312499994,118.59567578124994
1830.0,118.59220312499994,118.59567578124994
1840.0,118.59220312499994,118.59567578124994
1850.0,118.59220312499994,118.59567578124994
1860.0,118.59220312499994,118.59567578124994
1870.0,118.59220312499994,118.59567578124994
1880.0,118.59220312499994,118.59567578124994
1890.0,118.59220312499994,118.59567578124994
1900.0,118.59220312499994,118.59567578124994
1910.0,118.59220312499994,118.59567578124994
1920.0,118.59220312499994,118.59567578124994
1930.0,118.59220312499994,118.59567578124994
1940.0,118.59220312499994,118.59567578124994
1950.0,118.59220312499994,118.59567578124994
1960.0,118.59220312499994,118.59567578124994
1970.0,118.59220312499994,118.59567578124994
1980.0,118.59220312499994,118.59567578124994
1990.0,118.59220312499994,118.59567578124994
2000.0,118.59220312499994,118.59567578124994
2009.9999999999998,118.59220312499994,118.59567578124994
2020.0,118.59220312499994,118.59567578124994
2029.9999999999998,118.59220312499994,118.59567578124994
2040.0,118.59220312499994,118.59567578124994
2050.0,118.59220312499994,118.59567578124994
2060.0,118.59220312499994,118.59567578124994
2070.0,118.59220312499994,118.59567578124994
2080.0,118.59220312499994,118.59567578124994
2090.0,118.59220312499994,118.59567578124994
2100.0,118.59220312499994,118.59567578124994
2110.0,118.59220312499994,118.59567578124994
2120.0,118.59220312499994,118.59567578124994
2130.0,118.59220312499994,118.59567578124994
2140.0,118.59220312499994,118.59567578124994
2150.0,118.59220312499994,118.59567578124994
2160.0,118.59220312499994,118.59567578124994
2170.0,118.59220312499994,118.59567578124994
2180.0,118.59220312499994,118.59567578124994
2190.0,118.59220312499994,118.59567578124994
2200.0,118.59220312499994,118.59567578124994
2210.0,118.59220312499994,118.59567578124994
2220.0,118.59220312499994,118.59567578124994
2230.0,118.59220312499994,118.59567578124994
2240.0,118.59220312499994,118.59567578124994
2250.0,118.59220312499994,118.59567578124994
2260.0,118.59220312499994,118.59567578124994
2270.0,118.59220312499994,118.59567578124994
2280.0,118.59220312499994,118.59567578124994
2290.0,118.59220312499994,118.59567578124994
2300.0,118.59220312499994,118.59567578124994
2310.0,118.59220312499994,118.59567578124994
2320.0,118.59220312499994,118.59567578124994
2330.0,118.59220312499994,118.59567578124994
2340.0,118.59220312499994,118.59567578124994
2350.0,118.59220312499994,118.59567578124994
2360.0,118.59220312499994,118.59567578124994
2370.0,118.59220312499994,118.59567578124994
2380.0,118.59220312499994,118.59567578124994
2390.0,118.59220312499994,118.59567578124994
2400.0,118.59220312499994,118.59567578124994
2410.0,118.59220312499994,118.59567578124994
2420.0,118.59220312499994,118.59567578124994
2430.0,118.59220312499994,118.59567578124994
2440.0,118.59220312499994,118.59567578124994
2450.0,118.59220312499994,118.59567578124994
2460.0,118.59220312499994,118.59567578124994
2470.0,118.59220312499994,118.59567578124994
2480.0,118.59220312499994,118.59567578124994
2490.0,118.59220312499994,118.59567578124994
2500.0,118.59220312499994,118.59567578124994
2510.0,118.59220312499994,118.59567578124994
2520.0,118.59220312499994,118.59567578124994
2530.0,118.59220312499994,118.59567578124994
2540.0,118.59220312499994,118.59567578124994
2550.0,118.59220312499994,118.59567578124994
2560.0,118.59220312499994,118.59567578124994
2570.0,118.59220312499994,118.59567578124994
2580.0,118.59220312499994,118.59567578124994
2590.0,118.59220312499994,118.59567578124994
2600.0,118.59220312499994,118.59567578124994
2610.0,118.59220312499994,118.59567578124994
2620.0,118.59220312499994,118.59567578124994
2630.0,118.59220312499994,118.59567578124994
2640.0,118.59220312499994,118.59567578124994
2650.0,118.59220312499994,118.59567578124994
2660.0,118.59220312499994,118.59567578124994
2670.0,118.59220312499994,118.59567578124994
2680.0,118.59220312499994,118.59567578124994
2690.0,118.59220312499994,118.59567578124994
2700.0,118.59220312499994,118.59567578124994
2710.0,118.59220312499994,118.59567578124994
2720.0,118.59220312499994,118.59567578124994
2730.0,118.59220312499994,118.59567578124994
2740.0,118.59220312499994,118.59567578124994
2750.0,118.59220312499994,118.59567578124994
2760.0,118.59220312499994,118.59567578124994
2770.0,118.59220312499994,118.59567578124994
2780.0,118.59220312499994,118.59567578124994
2790.0,118.59220312499994,118.59567578124994
2800.0,118.59220312499994,118.59567578124994
2810.0,118.59220312499994,118.59567578124994
2820.0,118.59220312499994,118.59567578124994
2830.0,118.59220312499994,118.59567578124994
2840.0,118.59220312499994,118.59567578124994
2850.0,118.59220312499994,118.59567578124994
2860.0,118.59220312499994,118.59567578124994
2870.0,118.59220312499994,118.59567578124994
2880.0,118.59220312499994,118.59567578124994
2890.0,118.59220312499994,118.59567578124994
2900.0,118.59220312499994,118.59567578124994
2910.0,118.59220312499994,118.59567578124994
2920.0,118.59220312499994,118.59567578124994
2930.0,118.59220312499994,118.59567578124994
2940.0,118.59220312499994,118.59567578124994
2950.0,118.59220312499994,118.59567578124994
2960.0,118.59220312499994,118.59567578124994
2970.0,118.59220312499994,118.59567578124994
2980.0,118.59220312499994,118.59567578124994
2990.0,118.59220312499994,118.59567578124994
3000.0,118.59220312499994,118.59567578124994
3010.0,118.59220312499994,118.59567578124994
3020.0,118.59220312499994,118.59567578124994
3030.0,118.59220312499994,118.59567578124994
3040.0,118.59220312499994,118.59567578124994
3050.0,118.59220312499994,118.59567578124994
3060.0,118.59220312499994,118.59567578124994
3070.0,118.59220312499994,118.59567578124994
3080.0,118.59220312499994,118.59567578124994
3090.0,118.59220312499994,118.59567578124994
3100.0,118.59220312499994,118.59567578124994
3110.0,118.59220312499994,118.59567578124994
3120.0,118.59220312499994,118.59567578124994
3130.0,118.59220312499994,118.59567578124994
3140.0,118.59220312499994,118.59567578124994
3150.0,118.59220312499994,118.59567578124994
3160.0,118.59220312499994,118.59567578124994
3170.0,118.59220312499994,118.59567578124994
3180.0,118.59220312499994,118.59567578124994
3190.0,118.59220312499994,118.59567578124994
3200.0,118.59220312499994,118.59567578124994
3210.0,118.59220312499994,118.59567578124994
3220.0,118.59220312499994,118.59567578124994
3230.0,118.59220312499994,118.59567578124994
3240.0,118.59220312499994,118.59567578124994
3250.0,118.59220312499994,118.59567578124994
3260.0,118.59220312499994,118.59567578124994
3270.0,118.59220312499994,118.59567578124994
3280.0,118.59220312499994,118.59567578124994
3290.0,118.59220312499994,118.59567578124994
3300.0,118.59220312499994,118.59567578124994
3310.0,118.59220312499994,118.59567578124994
3320.0,118.59220312499994,118.59567578124994
3330.0,118.59220312499994,118.59567578124994
3340.0,118.59220312499994,118.59567578124994
3350.0,118.59220312499994,118.59567578124994
3360.0,118.59220312499994,118.59567578124994
3370.0,118.59220312499994,118.59567578124994
3380.0,118.59220312499994,118.59567578124994
3390.0,118.59220312499994,118.59567578124994
3400.0,118.59220312499994,118.59567578124994
3410.0,118.59220312499994,118.59567578124994
3420.0,118.59220312499994,118.59567578124994
3430.0,118.59220312499994,118.59567578124994
3440.0,118.59220312499994,118.59567578124994
3450.0,118.59220312499994,118.59567578124994
3460.0,118.59220312499994,118.59567578124994
3470.0,118.59220312499994,118.59567578124994
3480.0,118.59220312499994,118.59567578124994
3490.0,118.59220312499994,118.59567578124994
3500.0,118.59220312499994,118.59567578124994
3510.0,118.59220312499994,118.59567578124994
3520.0,118.59220312499994,118.59567578124994
3530.0,118.59220312499994,118.59567578124994
3540.0,118.59220312499994,118.59567578124994
3550.0,118.59220312499994,118.59567578124994
3560.0,118.59220312499994,118.59567578124994
3570.0,118.59220312499994,118.59567578124994
3580.0,118.59220312499994,118.59567578124994
3590.0,118.59220312499994,118.59567578124994
3600.0,118.59220312499994,118.59567578124994
3610.0,118.59220312499994,118.59567578124994
3620.0,118.59220312499994,118.59567578124994
3630.0,118.59220312499994,118.59567578124994
3640.0,118.59220312499994,118.59567578124994
3650.0,118.59220312499994,118.59567578124994
3660.0,118.59220312499994,118.59567578124994
3670.0,118.59220312499994,118.59567578124994
3680.0,118.59220312499994,118.59567578124994
3690.0,118.59220312499994,118.59567578124994
3700.0,118.59220312499994,118.59567578124994
3710.0,118.59220312499994,118.59567578124994
3720.0,118.59220312499994,118.59567578124994
3730.0,118.59220312499994,118.59567578124994
3740.0,118.59220312499994,118.59567578124994
3750.0,118.59220312499994,118.59567578124994
3760.0,118.59220312499994,118.59567578124994
3770.0,118.59220312499994,118.59567578124994
3780.0,118.59220312499994,118.59567578124994
3790.0,118.59220312499994,118.59567578124994
3800.0,118.59220312499994,118.59567578124994
3810.0,118.59220312499994,118.59567578124994
3820.0,118.59220312499994,118.59567578124994
3830.0,118.59220312499994,118.59567578124994
3840.0,118.59220312499994,118.59567578124994
3850.0,118.59220312499994,118.59567578124994
3860.0,118.59220312499994,118.59567578124994
3870.0,118.59220312499994,118.59567578124994
3880.0,118.59220312499994,118.59567578124994
3890.0,118.59220312499994,118.59567578124994
3900.0,118.59220312499994,118.59567578124994
3910.0,118.59220312499994,118.59567578124994
3920.0,118.59220312499994,118.59567578124994
3930.0,118.59220312499994,118.59567578124994
3940.0,118.59220312499994,118.59567578124994
3950.0,118.59220312499994,118.59567578124994
3960.0,118.59220312499994,118.59567578124994
3970.0,118.59220312499994,118.59567578124994
3980.0,118.59220312499994,118.59567578124994
3990.0,118.59220312499994,118.59567578124994
4000.0,118.59220312499994,118.59567578124994
4010.0,118.59220312499994,118.59567578124994
4019.9999999999995,118.59220312499994,118.59567578124994
4030.0000000000005,118.59220312499994,118.59567578124994
4040.0,118.59220312499994,118.59567578124994
4050.0,118.59220312499994,118.59567578124994
4059.9999999999995,118.59220312499994,118.59567578124994
4070.0000000000005,118.59220312499994,118.59567578124994
4080.0,118.59220312499994,118.59567578124994
4090.0,118.59220312499994,118.59567578124994
4100.0,118.59220312499994,118.59567578124994
4110.0,118.59220312499994,118.59567578124994
4120.0,118.59220312499994,118.59567578124994
4130.0,118.59220312499994,118.59567578124994
4140.0,118.59220312499994,118.59567578124994
4150.0,118.59220312499994,118.59567578124994
4160.0,118.59220312499994,118.59567578124994
4170.0,118.59220312499994,118.59567578124994
4180.0,118.59220312499994,118.59567578124994
4190.0,118.59220312499994,118.59567578124994
4200.0,118.59220312499994,118.59567578124994
4210.0,118.59220312499994,118.59567578124994
4220.0,118.59220312499994,118.59567578124994
4230.0,118.59220312499994,118.59567578124994
4240.0,118.59220312499994,118.59567578124994
4250.0,118.59220312499994,118.59567578124994
4260.0,118.59220312499994,118.59567578124994
4270.0,118.59220312499994,118.59567578124994
4280.0,118.59220312499994,118.59567578124994
4290.0,118.59220312499994,118.59567578124994
4300.0,118.59220312499994,118.59567578124994
4310.0,118.59220312499994,118.59567578124994
4320.0,118.59220312499994,118.59567578124994
4330.0,118.59220312499994,118.59567578124994
4340.0,118.59220312499994,118.59567578124994
4350.0,118.59220312499994,118.59567578124994
4360.0,118.59220312499994,118.59567578124994
4370.0,118.59220312499994,118.59567578124994
4380.0,118.59220312499994,118.59567578124994
4390.0,118.59220312499994,118.59567578124994
4400.0,118.59220312499994,118.59567578124994
4410.0,118.59220312499994,118.59567578124994
4420.0,118.59220312499994,118.59567578124994
4430.0,118.59220312499994,118.59567578124994
4440.0,118.59220312499994,118.59567578124994
4450.0,118.59220312499994,118.59567578124994
4460.0,118.59220312499994,118.59567578124994
4470.0,118.59220312499994,118.59567578124994
4480.0,118.59220312499994,118.59567578124994
4490.0,118.59220312499994,118.59567578124994
4500.0,118.59220312499994,118.59567578124994
4510.0,118.59220312499994,118.59567578124994
4520.0,118.59220312499994,118.59567578124994
4530.0,118.59220312499994,118.59567578124994
4540.0,118.59220312499994,118.59567578124994
4550.0,118.59220312499994,118.59567578124994
4560.0,118.59220312499994,118.59567578124994
4570.0,118.59220312499994,118.59567578124994
4580.0,118.59220312499994,118.59567578124994
4590.0,118.59220312499994,118.59567578124994
4600.0,118.59220312499994,118.59567578124994
4610.0,118.59220312499994,118.59567578124994
4620.0,118.59220312499994,118.59567578124994
4630.0,118.59220312499994,118.59567578124994
4640.0,118.59220312499994,118.59567578124994
4650.0,118.59220312499994,118.59567578124994
4660.0,118.59220312499994,118.59567578124994
4670.0,118.59220312499994,118.59567578124994
4680.0,118.59220312499994,118.59567578124994
4690.0,118.59220312499994,118.59567578124994
4700.0,118.59220312499994,118.59567578124994
4710.0,118.59220312499994,118.59567578124994
4720.0,118.59220312499994,118.59567578124994
4730.0,118.59220312499994,118.59567578124994
4740.0,118.59220312499994,118.59567578124994
4750.0,118.59220312499994,118.59567578124994
4760.0,118.59220312499994,118.59567578124994
4770.0,118.59220312499994,118.59567578124994
4780.0,118.59220312499994,118.59567578124994
4790.0,118.59220312499994,118.59567578124994
4800.0,118.59220312499994,118.59567578124994
4810.0,118.59220312499994,118.59567578124994
4820.0,118.59220312499994,118.59567578124994
4830.0,118.59220312499994,118.59567578124994
4840.0,118.59220312499994,118.59567578124994
4850.0,118.59220312499994,118.59567578124994
4860.0,118.59220312499994,118.59567578124994
4870.0,118.59220312499994,118.59567578124994
4880.0,118.59220312499994,118.59567578124994
4890.0,118.59220312499994,118.59567578124994
4900.0,118.59220312499994,118.59567578124994
4910.0,118.59220312499994,118.59567578124994
4920.0,118.59220312499994,118.59567578124994
4930.0,118.59220312499994,118.59567578124994
4940.0,118.59220312499994,118.59567578124994
4950.0,118.59220312499994,118.59567578124994
4960.0,118.59220312499994,118.59567578124994
4970.0,118.59220312499994,118.59567578124994
4980.0,118.59220312499994,118.59567578124994
4990.0,118.59220312499994,118.59567578124994
5000.0,118.59220312499994,118.59567578124994
5010.0,118.59220312499994,118.59567578124994
5020.0,118.59220312499994,118.59567578124994
5030.0,118.59220312499994,118.59567578124994
5040.0,118.59914843749993,118.59914843749993
5050.0,118.61601562499993,118.61502343749994
5060.0,118.64280468749993,118.64032421874994
5070.0,118.67951562499994,118.67852343749993
5080.0,118.72565234374993,118.71969921874994
5090.0,118.77575781249993,118.77377343749994
5100.0,118.82586328124994,118.82139843749994
5110.0,118.87596874999994,118.87199999999994
5120.0,118.92607421874995,118.92260156249993
5130.0,118.97568359374993,118.97022656249993
5140.0,119.02578906249994,119.02132421874994
5150.0,119.07589453124993,119.06894921874994
5160.0,119.12599999999993,119.12302343749994
5170.0,119.17560937499994,119.17064843749995
5180.0,119.22571484374994,119.22124999999993
5190.0,119.27582031249993,119.26887499999994
5200.0,119.32592578124994,119.31947656249994
5210.0,119.37603124999994,119.37057421874994
5220.0,119.42564062499994,119.42117578124994
5230.0,119.47574609374993,119.47227343749994
5240.0,119.52585156249994,119.51989843749993
5250.0,119.57595703124994,119.57049999999994
5260.0,119.62606249999993,119.62110156249994
5270.0,119.67567187499994,119.67219921874994
5280.0,119.72577734374994,119.72280078124994
5290.0,119.77588281249994,119.77042578124994
5300.0,119.82598828124993,119.82152343749993
5310.0,119.87609374999994,119.87212499999994
5320.0,119.92570312499994,119.92272656249995
5330.0,119.97580859374995,119.97035156249994
5340.0,120.02591406249994,120.02144921874994
5350.0,120.07601953124994,120.07205078124994
5360.0,120.12562890624993,120.11967578124994
5370.0,120.17573437499993,120.17077343749993
5380.0,120.22583984374994,120.22137499999994
5390.0,120.27594531249994,120.27197656249994
5400.0,120.32605078124995,120.32307421874994
5410.0,120.37566015624994,120.37069921874993
5420.0,120.42576562499993,120.42130078124994
5430.0,120.47587109374993,120.46892578124995
5440.0,120.52597656249995,120.52299999999994
5450.0,120.57608203124994,120.57062499999994
5460.0,120.62569140624994,120.62122656249993
5470.0,120.67579687499993,120.67232421874994
5480.0,120.72590234374994,120.71994921874995
5490.0,120.77600781249993,120.77402343749993
5500.0,120.82561718749994,120.82164843749995
5510.0,120.87572265624993,120.87224999999994
5520.0,120.92582812499994,120.91987499999993
5530.0,120.97593359374993,120.97047656249994
5540.0,121.02603906249993,121.02157421874995
5550.0,121.07564843749994,121.07217578124994
5560.0,121.12575390624994,121.12327343749995
5570.0,121.17585937499993,121.17089843749994
5580.0,121.22596484374994,121.22447656249993
5590.0,121.27607031249994,121.27210156249994
5600.0,121.32567968749994,121.32319921874993
5610.0,121.37578515624995,121.37380078124994
5620.0,121.42589062499994,121.42142578124994
5630.0,121.47599609374994,121.47549999999993
5640.0,121.52560546874993,121.52312499999994
5650.0,121.57571093749995,121.57372656249994
5660.0,121.62581640624994,121.62135156249994
5670.0,121.67592187499994,121.67244921874993
5680.0,121.72602734374993,121.72305078124994
5690.0,121.77563671874994,121.77067578124993
5700.0,121.82574218749993,121.82474999999994
5710.0,121.87584765624995,121.87237499999993
5720.0,121.92595312499994,121.92297656249994
5730.0,121.97605859374994,121.97407421874993
5740.0,122.02566796874993,122.02169921874993
5750.0,122.07577343749993,122.07577343749993
5760.0,122.12587890624994,122.12339843749993
5770.0,122.17598437499994,122.17399999999994
5780.0,122.22608984374995,122.22460156249994
5790.0,122.27569921874993,122.27569921874993
5800.0,122.32580468749994,122.32332421874993
5810.0,122.37591015624993,122.37392578124994
5820.0,122.42601562499993,122.42502343749993
5830.0,122.47562499999994,122.47264843749994
5840.0,122.52573046874994,122.52622656249994
5850.0,122.57583593749993,122.57385156249994
5860.0,122.62594140624994,122.62494921874993
5870.0,122.67604687499993,122.67555078124994
5880.0,122.72565624999994,122.72317578124994
5890.0,122.77576171874993,122.77427343749994
5900.0,122.82189843749994,122.81842578124993
5910.0,122.85761718749994,122.85662499999994
5920.0,122.88341406249994,122.88192578124995
5930.0,122.89928906249993,122.90127343749992
5940.0,122.90524218749994,122.90722656249993
5950.0,122.90524218749994,122.90722656249993
5960.0,122.90524218749994,122.90722656249993
5970.0,122.90524218749994,122.90722656249993
5980.0,122.90524218749994,122.90722656249993
5990.0,122.90524218749994,122.90722656249993
6000.0,122.90524218749994,122.90722656249993
6010.0,122.90524218749994,122.90722656249993
6020.0,122.90524218749994,122.90722656249993
6030.0,122.90524218749994,122.90722656249993
6040.0,122.90524218749994,122.90722656249993
6050.0,122.90524218749994,122.90722656249993
6060.0,122.90524218749994,122.90722656249993
6070.0,122.90524218749994,122.90722656249993
6080.0,122.90524218749994,122.90722656249993
6090.0,122.90524218749994,122.90722656249993
6100.0,122.90524218749994,122.90722656249993
6110.0,122.90524218749994,122.90722656249993
6120.0,122.90524218749994,122.90722656249993
6130.0,122.90524218749994,122.90722656249993
6140.0,122.90524218749994,122.90722656249993
6150.0,122.90524218749994,122.90722656249993
6160.0,122.90524218749994,122.90722656249993
6170.0,122.90524218749994,122.90722656249993
6180.0,122.90524218749994,122.90722656249993
6190.0,122.90524218749994,122.90722656249993
6200.0,122.90524218749994,122.90722656249993
6210.0,122.90524218749994,122.90722656249993
6220.0,122.90524218749994,122.90722656249993
6230.0,122.90524218749994,122.90722656249993
6240.0,122.90524218749994,122.90722656249993
6250.0,122.90524218749994,122.90722656249993
6260.0,122.90524218749994,122.90722656249993
6270.0,122.90524218749994,122.90722656249993
6280.0,122.90524218749994,122.90722656249993
6290.0,122.90524218749994,122.90722656249993
6300.0,122.90524218749994,122.90722656249993
6310.0,122.90524218749994,122.90722656249993
6320.0,122.90524218749994,122.90722656249993
6330.0,122.90524218749994,122.90722656249993
6340.0,122.90524218749994,122.90722656249993
6350.0,122.90524218749994,122.90722656249993
6360.0,122.90524218749994,122.90722656249993
6370.0,122.90524218749994,122.90722656249993
6380.0,122.90524218749994,122.90722656249993
6390.0,122.90524218749994,122.90722656249993
6400.0,122.90524218749994,122.90722656249993
6410.0,122.90524218749994,122.90722656249993
6420.0,122.90524218749994,122.90722656249993
6430.0,122.90524218749994,122.90722656249993
6440.0,122.90524218749994,122.90722656249993
6450.0,122.90524218749994,122.90722656249993
6460.0,122.90524218749994,122.90722656249993
6470.0,122.90524218749994,122.90722656249993
6480.0,122.90524218749994,122.90722656249993
6490.0,122.90524218749994,122.90722656249993
6500.0,122.90524218749994,122.90722656249993
6510.0,122.90524218749994,122.90722656249993
6520.0,122.90524218749994,122.90722656249993
6530.0,122.90524218749994,122.90722656249993
6540.0,122.90524218749994,122.90722656249993
6550.0,122.90524218749994,122.90722656249993
6560.0,122.90524218749994,122.90722656249993
6570.0,122.90524218749994,122.90722656249993
6580.0,122.90524218749994,122.90722656249993
6590.0,122.90524218749994,122.90722656249993
6600.0,122.90524218749994,122.90722656249993
6610.0,122.90524218749994,122.90722656249993
6620.0,122.90524218749994,122.90722656249993
6630.0,122.90524218749994,122.90722656249993
6640.0,122.90524218749994,122.90722656249993
6650.0,122.90524218749994,122.90722656249993
6660.0,122.90524218749994,122.90722656249993
6670.0,122.90524218749994,122.90722656249993
6680.0,122.90524218749994,122.90722656249993
6690.0,122.90524218749994,122.90722656249993
6700.0,122.90524218749994,122.90722656249993
6710.0,122.90524218749994,122.90722656249993
6720.0,122.90524218749994,122.90722656249993
6730.0,122.90524218749994,122.90722656249993
6740.0,122.90524218749994,122.90722656249993
6750.0,122.90524218749994,122.90722656249993
6760.0,122.90524218749994,122.90722656249993
6770.0,122.90524218749994,122.90722656249993
6780.0,122.90524218749994,122.90722656249993
6790.0,122.90524218749994,122.90722656249993
6800.0,122.90524218749994,122.90722656249993
6810.0,122.90524218749994,122.90722656249993
6820.0,122.90772265624994,122.90722656249993
6830.0,122.92012499999994,122.92012499999994
6840.0,122.94244921874993,122.94244921874993
6850.0,122.97469531249993,122.97419921874994
6860.0,123.01686328124993,123.01239843749994
6870.0,123.06647265624994,123.06597656249994
6880.0,123.11657812499993,123.11360156249994
6890.0,123.16618749999994,123.16469921874993
6900.0,123.21629296874993,123.21530078124994
6910.0,123.26639843749994,123.26292578124993
6920.0,123.31650390624993,123.31699999999994
6930.0,123.36660937499994,123.36462499999993
6940.0,123.41621874999993,123.41522656249994
6950.0,123.46632421874993,123.46285156249994
6960.0,123.51642968749992,123.51394921874993
6970.0,123.56653515624994,123.56455078124993
6980.0,123.61664062499995,123.61217578124993
6990.0,123.66624999999993,123.66624999999993
7000.0,123.71635546874994,123.71387499999993
7010.0,123.76646093749993,123.76447656249994
7020.0,123.81656640624993,123.81557421874993
7030.0,123.86617578124994,123.86319921874994
7040.0,123.91628124999994,123.91380078124993
7050.0,123.96638671874993,123.96142578124994
7060.0,124.01649218749994,124.01549999999993
7070.0,124.06659765624993,124.06312499999994
7080.0,124.11620703124994,124.11372656249993
7090.0,124.16631249999993,124.16482421874994
7100.0,124.21641796874994,124.21244921874994
7110.0,124.26652343749993,124.26652343749993
7120.0,124.31662890624993,124.31414843749994
7130.0,124.36623828124993,124.36474999999994
7140.0,124.41634374999994,124.41237499999994
7150.0,124.46644921874994,124.46297656249993
7160.0,124.51655468749993,124.51407421874994
7170.0,124.56616406249992,124.56169921874994
7180.0,124.61626953124994,124.61577343749994
7190.0,124.66637499999995,124.66339843749994
7200.0,124.71648046874994,124.71399999999994
7210.0,124.76658593749994,124.76162499999994
7220.0,124.81619531249993,124.81222656249993
7230.0,124.86630078124993,124.86332421874994
7240.0,124.91640624999994,124.91094921874995
7250.0,124.96651171874994,124.96502343749994
7260.0,125.01661718749993,125.01264843749993
7270.0,125.06622656249993,125.06324999999993
7280.0,125.11633203124994,125.11087499999992
7290.0,125.16643749999992,125.16147656249993
7300.0,125.21654296874993,125.21257421874992
7310.0,125.26615234374994,125.26317578124993
7320.0,125.31625781249994,125.31427343749993
7330.0,125.36636328124995,125.36189843749993
7340.0,125.41646874999992,125.41249999999992
7350.0,125.46657421874993,125.46310156249993
7360.0,125.51618359374994,125.51072656249993
7370.0,125.56628906249995,125.56182421874992
7380.0,125.61639453124992,125.60944921874994
7390.0,125.66649999999993,125.66352343749992
7400.0,125.71660546874993,125.71114843749994
7410.0,125.76621484374995,125.76174999999992
7420.0,125.81632031249993,125.80937499999995
7430.0,125.86642578124993,125.85997656249995
7440.0,125.91653124999993,125.91405078124993
7450.0,125.96663671874994,125.96167578124992
7460.0,126.01624609374993,126.01277343749994
7470.0,126.06635156249993,126.06039843749994
7480.0,126.11645703124994,126.11099999999995
7490.0,126.16656249999994,126.16160156249995
7500.0,126.21617187499992,126.21269921874995
7510.0,126.26627734374993,126.26330078124992
7520.0,126.31638281249994,126.31092578124995
7530.0,126.36648828124994,126.36499999999992
7540.0,126.41659374999995,126.41262499999995
7550.0,126.46620312499992,126.46322656249994
7560.0,126.51630859374993,126.51085156249994
7570.0,126.56641406249994,126.56194921874994
7580.0,126.61651953124995,126.61255078124995
7590.0,126.66662499999993,126.66017578124993
7600.0,126.71623437499993,126.71424999999995
7610.0,126.76633984374993,126.76187499999995
7620.0,126.81644531249994,126.81247656249994
7630.0,126.86655078124993,126.86357421874995
7640.0,126.91616015624993,126.91119921874994
7650.0,126.96626562499993,126.96180078124993
7660.0,127.01637109374994,127.00942578124993
7670.0,127.06647656249994,127.06349999999993
7680.0,127.11658203124992,127.11112499999993
7690.0,127.16619140624994,127.16172656249994
7700.0,127.21629687499994,127.21282421874994
7710.0,127.26640234374995,127.26044921874993
7720.0,127.31650781249992,127.31452343749994
7730.0,127.36661328124993,127.36214843749994
7740.0,127.41622265624994,127.41274999999993
7750.0,127.46632812499995,127.46037499999993
7760.0,127.51643359374992,127.51097656249993
7770.0,127.56653906249993,127.56207421874993
7780.0,127.61614843749994,127.61267578124993
7790.0,127.66625390624995,127.66377343749993
7800.0,127.71635937499993,127.71139843749992
7810.0,127.76646484374993,127.76497656249994
7820.0,127.81657031249993,127.81260156249994
7830.0,127.86617968749994,127.86369921874993
7840.0,127.91628515624993,127.91430078124993
7850.0,127.96639062499993,127.96192578124993
7860.0,128.01103906249995,128.0095507812499
7870.0,128.04576562499994,128.0447734374999
7880.0,128.07057031249994,128.07007421874994
7890.0,128.08495703124996,128.08594921874993
7900.0,128.08991796874994,128.08892578124994
7910.0,128.08991796874994,128.08892578124994
7920.0,128.08991796874994,128.08892578124994
7930.0,128.08991796874994,128.08892578124994
7940.0,128.08991796874994,128.08892578124994
7950.0,128.08991796874994,128.08892578124994
7960.0,128.08991796874994,128.08892578124994
7970.0,128.08991796874994,128.08892578124994
7980.0,128.08991796874994,128.08892578124994
7990.0,128.08991796874994,128.08892578124994
8000.0,128.08991796874994,128.08892578124994
8010.0,128.08991796874994,128.08892578124994
8020.0,128.08991796874994,128.08892578124994
8029.999999999999,128.08991796874994,128.08892578124994
8039.999999999999,128.08991796874994,128.08892578124994
8050.000000000001,128.08991796874994,128.08892578124994
8060.000000000001,128.08991796874994,128.08892578124994
8070.0,128.08991796874994,128.08892578124994
8080.0,128.08991796874994,128.08892578124994
8090.0,128.08991796874994,128.08892578124994
8100.0,128.08991796874994,128.08892578124994
8109.999999999999,128.08991796874994,128.08892578124994
8119.999999999999,128.08991796874994,128.08892578124994
8130.000000000001,128.08991796874994,128.08892578124994
8140.000000000001,128.08991796874994,128.08892578124994
8150.0,128.08991796874994,128.08892578124994
8160.0,128.08991796874994,128.08892578124994
8170.0,128.08991796874994,128.08892578124994
8180.0,128.08991796874994,128.08892578124994
8189.999999999999,128.08991796874994,128.08892578124994
8200.0,128.08991796874994,128.08892578124994
8210.0,128.08991796874994,128.08892578124994
8220.0,128.08991796874994,128.08892578124994
8230.0,128.08991796874994,128.08892578124994
8240.0,128.08991796874994,128.08892578124994
8250.0,128.08991796874994,128.08892578124994
8260.0,128.08991796874994,128.08892578124994
8270.0,128.08991796874994,128.08892578124994
8280.0,128.08991796874994,128.08892578124994
8290.0,128.08991796874994,128.08892578124994
8300.0,128.08991796874994,128.08892578124994
8310.0,128.08991796874994,128.08892578124994
8320.0,128.08991796874994,128.08892578124994
8330.0,128.08991796874994,128.08892578124994
8340.0,128.08991796874994,128.08892578124994
8350.0,128.08991796874994,128.08892578124994
8360.0,128.08991796874994,128.08892578124994
8370.0,128.08991796874994,128.08892578124994
8380.0,128.08991796874994,128.08892578124994
8390.0,128.08991796874994,128.08892578124994
8400.0,128.08991796874994,128.08892578124994
8410.0,128.08991796874994,128.08892578124994
8420.0,128.08991796874994,128.08892578124994
8430.0,128.08991796874994,128.08892578124994
8440.0,128.08991796874994,128.08892578124994
8450.0,128.08991796874994,128.08892578124994
8460.0,128.08991796874994,128.08892578124994
8470.0,128.08991796874994,128.08892578124994
8480.0,128.08991796874994,128.08892578124994
8490.0,128.08991796874994,128.08892578124994
8500.0,128.08991796874994,128.08892578124994
8510.0,128.08991796874994,128.08892578124994
8520.0,128.08991796874994,128.08892578124994
8530.0,128.08991796874994,128.08892578124994
8540.0,128.08991796874994,128.08892578124994
8550.0,128.08991796874994,128.08892578124994
8560.0,128.08991796874994,128.08892578124994
8570.0,128.08991796874994,128.08892578124994
8580.0,128.08991796874994,128.08892578124994
8590.0,128.08991796874994,128.08892578124994
8600.0,128.08991796874994,128.08892578124994
8610.0,128.08991796874994,128.08892578124994
8620.0,128.08991796874994,128.08892578124994
8630.0,128.08991796874994,128.08892578124994
8640.0,128.08991796874994,128.08892578124994
8650.0,128.08991796874994,128.08892578124994
8660.0,128.08991796874994,128.08892578124994
8670.0,128.08991796874994,128.08892578124994
8680.0,128.08991796874994,128.08892578124994
8690.0,128.08991796874994,128.08892578124994
8700.0,128.08991796874994,128.08892578124994
8710.0,128.08991796874994,128.08892578124994
8720.0,128.08991796874994,128.08892578124994
8730.0,128.08991796874994,128.08892578124994
8740.0,128.08991796874994,128.08892578124994
8750.0,128.08991796874994,128.08892578124994
8760.0,128.08991796874994,128.08892578124994
8770.0,128.08991796874994,128.08892578124994
8780.0,128.08991796874994,128.08892578124994
8790.0,128.08991796874994,128.08892578124994
8800.0,128.08991796874994,128.08892578124994
8810.0,128.08991796874994,128.08892578124994
8820.0,128.08991796874994,128.08892578124994
8830.0,128.08991796874994,128.08892578124994
8840.0,128.08991796874994,128.08892578124994
8850.0,128.08991796874994,128.08892578124994
8860.0,128.08991796874994,128.08892578124994
8870.0,128.08991796874994,128.08892578124994
8880.0,128.08991796874994,128.08892578124994
8890.0,128.08991796874994,128.08892578124994
8900.0,128.08991796874994,128.08892578124994
8910.0,128.08991796874994,128.08892578124994
8920.0,128.08991796874994,128.08892578124994
8930.0,128.08991796874994,128.08892578124994
8940.0,128.08991796874994,128.08892578124994
8950.0,128.08991796874994,128.08892578124994
8960.0,128.08991796874994,128.08892578124994
8970.0,128.08991796874994,128.08892578124994
8980.0,128.08991796874994,128.08892578124994
8990.0,128.08991796874994,128.08892578124994
9000.0,128.08991796874994,128.08892578124994
9010.0,128.08991796874994,128.08892578124994
9020.0,128.08991796874994,128.08892578124994
9030.0,128.08991796874994,128.08892578124994
9040.0,128.08991796874994,128.08892578124994
9050.0,128.08991796874994,128.08892578124994
9060.0,128.08991796874994,128.08892578124994
9070.0,128.08991796874994,128.08892578124994
9080.0,128.08991796874994,128.08892578124994
9090.0,128.08991796874994,128.08892578124994
9100.0,128.08991796874994,128.08892578124994
9110.0,128.08991796874994,128.08892578124994
9120.0,128.08991796874994,128.08892578124994
9130.0,128.08991796874994,128.08892578124994
9140.0,128.08991796874994,128.08892578124994
9150.0,128.08991796874994,128.08892578124994
9160.0,128.08991796874994,128.08892578124994
9170.0,128.08991796874994,128.08892578124994
9180.0,128.08991796874994,128.08892578124994
9190.0,128.08991796874994,128.08892578124994
9200.0,128.08991796874994,128.08892578124994
9210.0,128.08991796874994,128.08892578124994
9220.0,128.08991796874994,128.08892578124994
9230.0,128.08991796874994,128.08892578124994
9240.0,128.08991796874994,128.08892578124994
9250.0,128.08991796874994,128.08892578124994
9260.0,128.08991796874994,128.08892578124994
9270.0,128.08991796874994,128.08892578124994
9280.0,128.08991796874994,128.08892578124994
9290.0,128.08991796874994,128.08892578124994
9300.0,128.08991796874994,128.08892578124994
9310.0,128.08991796874994,128.08892578124994
9320.0,128.08991796874994,128.08892578124994
9330.0,128.08991796874994,128.08892578124994
9340.0,128.08991796874994,128.08892578124994
9350.0,128.08991796874994,128.08892578124994
9360.0,128.08991796874994,128.08892578124994
9370.0,128.08991796874994,128.08892578124994
9380.0,128.08991796874994,128.08892578124994
9390.0,128.08991796874994,128.08892578124994
9400.0,128.08991796874994,128.08892578124994
9410.0,128.08991796874994,128.08892578124994
9420.0,128.08991796874994,128.08892578124994
9430.0,128.08991796874994,128.08892578124994
9440.0,128.08991796874994,128.08892578124994
9450.0,128.08991796874994,128.08892578124994
9460.0,128.08991796874994,128.08892578124994
9470.0,128.08991796874994,128.08892578124994
9480.0,128.08991796874994,128.08892578124994
9490.0,128.08991796874994,128.08892578124994
9500.0,128.08991796874994,128.08892578124994
9510.0,128.08991796874994,128.08892578124994
9520.0,128.08991796874994,128.08892578124994
9530.0,128.08991796874994,128.08892578124994
9540.0,128.08991796874994,128.08892578124994
9550.0,128.08991796874994,128.08892578124994
9560.0,128.08991796874994,128.08892578124994
9570.0,128.08991796874994,128.08892578124994
9580.0,128.08991796874994,128.08892578124994
9590.0,128.08991796874994,128.08892578124994
9600.0,128.08991796874994,128.08892578124994
9610.0,128.08991796874994,128.08892578124994
9620.0,128.08991796874994,128.08892578124994
9630.0,128.08991796874994,128.08892578124994
9640.0,128.08991796874994,128.08892578124994
9650.0,128.08991796874994,128.08892578124994
9660.0,128.08991796874994,128.08892578124994
9670.0,128.08991796874994,128.08892578124994
9680.0,128.08991796874994,128.08892578124994
9690.0,128.08991796874994,128.08892578124994
9700.0,128.08991796874994,128.08892578124994
9710.0,128.08991796874994,128.08892578124994
9720.0,128.08991796874994,128.08892578124994
9730.0,128.08991796874994,128.08892578124994
9740.0,128.08991796874994,128.08892578124994
9750.0,128.08991796874994,128.08892578124994
9760.0,128.08991796874994,128.08892578124994
9770.0,128.08991796874994,128.08892578124994
9780.0,128.08991796874994,128.08892578124994
9790.0,128.08991796874994,128.08892578124994
9800.0,128.08991796874994,128.08892578124994
9810.0,128.08991796874994,128.08892578124994
9820.0,128.08991796874994,128.08892578124994
9830.0,128.08991796874994,128.08892578124994
9840.0,128.08991796874994,128.08892578124994
9850.0,128.08991796874994,128.08892578124994
9860.0,128.08991796874994,128.08892578124994
9870.0,128.08991796874994,128.08892578124994
9880.0,128.08991796874994,128.08892578124994
9890.0,128.08991796874994,128.08892578124994
9900.0,128.08991796874994,128.08892578124994
9910.0,128.08991796874994,128.08892578124994
9920.0,128.08991796874994,128.08892578124994
9930.0,128.08991796874994,128.08892578124994
9940.0,128.08991796874994,128.08892578124994
9950.0,128.08991796874994,128.08892578124994
9960.0,128.08991796874994,128.08892578124994
9970.0,128.08991796874994,128.08892578124994
9980.0,128.08991796874994,128.08892578124994
9990.0,128.08991796874994,128.08892578124994
10000.0,128.08991796874994,128.08892578124994
10010.0,128.08991796874994,128.08892578124994
10020.0,128.08991796874994,128.08892578124994
10030.0,128.08991796874994,128.08892578124994
10040.0,128.08991796874994,128.08892578124994
10050.0,128.08991796874994,128.08892578124994
10060.0,128.08991796874994,128.08892578124994
10070.0,128.08991796874994,128.08892578124994
10080.0,128.08991796874994,128.08892578124994
10090.0,128.08991796874994,128.08892578124994
10100.0,128.08991796874994,128.08892578124994
10110.0,128.08991796874994,128.08892578124994
10120.0,128.08991796874994,128.08892578124994
10130.0,128.08991796874994,128.08892578124994
10140.0,128.08991796874994,128.08892578124994
10150.0,128.08991796874994,128.08892578124994
10160.0,128.08991796874994,128.08892578124994
10170.0,128.08991796874994,128.08892578124994
10180.0,128.08991796874994,128.08892578124994
10190.0,128.08991796874994,128.08892578124994
10200.0,128.08991796874994,128.08892578124994
10210.0,128.08991796874994,128.08892578124994
10220.0,128.08991796874994,128.08892578124994
10230.0,128.08991796874994,128.08892578124994
10240.0,128.08991796874994,128.08892578124994
