episode,reward,length,timesteps,time_elapsed,rolling_reward_10,rolling_reward_50,rolling_reward_100
1,-199.02501,100,100,0.563720703125,-199.02501,-199.02501,-199.02501
2,-197.16356,100,200,0.7695868015289307,-198.09428,-198.09428,-198.09428
3,-199.2931,100,300,0.9588062763214111,-198.4939,-198.4939,-198.4939
4,-185.64996,100,400,1.16977858543396,-195.28291,-195.28291,-195.28291
5,-192.17812,100,500,1.3738672733306885,-194.66196,-194.66196,-194.66196
6,-195.1042,100,600,1.65733003616333,-194.73566,-194.73566,-194.73566
7,-179.72562,100,700,1.855424404144287,-192.59135,-192.59135,-192.59135
8,-199.17245,100,800,2.0543909072875977,-193.414,-193.414,-193.414
9,-183.7341,100,900,2.245452404022217,-192.33846,-192.33846,-192.33846
10,-189.71007,100,1000,2.4317386150360107,-192.07562,-192.07562,-192.07562
11,-185.63109,100,1100,2.6946096420288086,-190.73624,-191.48975,-191.48975
12,-183.63182,100,1200,2.885446786880493,-189.38306,-190.83492,-190.83492
13,-187.21887,100,1300,3.082364559173584,-188.17563,-190.55675,-190.55675
14,-176.83557,100,1400,3.2682220935821533,-187.29419,-189.57666,-189.57666
15,-190.71593,100,1500,3.4554197788238525,-187.14798,-189.6526,-189.6526
16,-178.79124,100,1600,3.719980001449585,-185.5167,-188.97379,-188.97379
17,-181.79897,100,1700,3.914585828781128,-185.72401,-188.55174,-188.55174
18,-192.58296,100,1800,4.106721639633179,-185.06506,-188.7757,-188.7757
19,-189.35167,100,1900,4.302738904953003,-185.62683,-188.80602,-188.80602
20,-186.21707,100,2000,4.493049144744873,-185.27753,-188.67656,-188.67656
21,-176.51357,100,2100,4.750110149383545,-184.36575,-188.09738,-188.09738
22,-181.4793,100,2200,4.941274166107178,-184.15051,-187.79657,-187.79657
23,-197.6862,100,2300,5.140315055847168,-185.19724,-188.22655,-188.22655
24,-174.32544,100,2400,5.329081296920776,-184.94623,-187.64734,-187.64734
25,-187.60599,100,2500,5.523716449737549,-184.63522,-187.64569,-187.64569
26,-199.78174,100,2600,5.782329320907593,-186.73428,-188.11246,-188.11246
27,-192.50891,100,2700,5.969940185546875,-187.80528,-188.27528,-188.27528
28,-182.69221,100,2800,6.160733938217163,-186.81621,-188.0759,-188.0759
29,-175.09872,100,2900,6.358285665512085,-185.39091,-187.6284,-187.6284
30,-176.73827,100,3000,6.54620099067688,-184.44304,-187.2654,-187.2654
31,-176.55574,100,3100,6.800371170043945,-184.44725,-186.91992,-186.91992
32,-173.72943,100,3200,6.9909117221832275,-183.67227,-186.50772,-186.50772
33,-165.48985,100,3300,7.191714763641357,-180.45262,-185.87082,-185.87082
34,-184.2681,100,3400,7.391155481338501,-181.44688,-185.82367,-185.82367
35,-178.57822,100,3500,7.580604791641235,-180.54413,-185.61665,-185.61665
36,-191.33571,100,3600,7.851142883300781,-179.69951,-185.77553,-185.77553
37,-176.82304,100,3700,8.039263010025024,-178.13094,-185.53357,-185.53357
38,-156.41081,100,3800,8.233562707901001,-175.50278,-184.76718,-184.76718
39,-171.42542,100,3900,8.423002243041992,-175.13545,-184.42508,-184.42508
40,-167.29184,100,4000,8.61433482170105,-174.19083,-183.99675,-183.99675
41,-158.17976,100,4100,8.878912925720215,-172.35323,-183.36707,-183.36707
42,-164.30688,100,4200,9.06740403175354,-171.41098,-182.91325,-182.91325
43,-153.0342,100,4300,9.265434980392456,-170.1654,-182.21838,-182.21838
44,-154.11917,100,4400,9.456651210784912,-167.1505,-181.57977,-181.57977
45,-147.76384,100,4500,9.650611877441406,-164.06906,-180.8283,-180.8283
46,-154.86093,100,4600,9.91757845878601,-160.42159,-180.2638,-180.2638
47,-156.75113,100,4700,10.107837915420532,-158.4144,-179.76352,-179.76352
48,-146.37444,100,4800,10.297928810119629,-157.41074,-179.06793,-179.06793
49,-154.02524,100,4900,10.48639178276062,-155.67075,-178.55685,-178.55685
50,-160.31311,100,5000,10.675039052963257,-154.97287,-178.19199,-178.19199
51,-160.63814,100,5100,10.940003633499146,-155.21872,-177.42422,-177.8478
52,-153.31216,100,5200,11.133810997009277,-154.11923,-176.54721,-177.37596
53,-132.55008,100,5300,11.321436405181885,-152.07082,-175.21234,-176.53018
54,-129.37833,100,5400,11.518142938613892,-149.59674,-174.08691,-175.657
55,-123.38467,100,5500,11.710575819015503,-147.15881,-172.71103,-174.70659
56,-121.184555,100,5600,11.974283695220947,-143.79117,-171.23265,-173.75084
57,-134.80426,100,5700,12.175455331802368,-141.59648,-170.33424,-173.06757
58,-138.69427,100,5800,12.363358497619629,-140.82849,-169.12466,-172.47493
59,-129.8349,100,5900,12.55157732963562,-138.40945,-168.04668,-171.75221
60,-137.15166,100,6000,12.745596408843994,-136.0933,-166.99551,-171.17554
61,-129.47682,100,6100,13.010806798934937,-132.97717,-165.87242,-170.49194
62,-114.69869,100,6200,13.211887836456299,-129.11581,-164.49377,-169.59206
63,-121.52172,100,6300,13.403990030288696,-128.01299,-163.17981,-168.82903
64,-125.165276,100,6400,13.592898607254028,-127.59169,-162.1464,-168.14679
65,-127.26153,100,6500,13.789123058319092,-127.97937,-160.87732,-167.51779
66,-128.62451,100,6600,14.043027877807617,-128.72336,-159.87398,-166.9285
67,-128.9541,100,6700,14.231444120407104,-128.13835,-158.81708,-166.36172
68,-135.3754,100,6800,14.424663066864014,-127.80646,-157.67294,-165.90604
69,-134.52832,100,6900,14.613617420196533,-128.2758,-156.57648,-165.45128
70,-137.91531,100,7000,14.80425500869751,-128.35217,-155.61044,-165.0579
71,-112.006035,100,7100,15.062377452850342,-126.60508,-154.32028,-164.3107
72,-116.96133,100,7200,15.261980295181274,-126.831345,-153.02992,-163.65306
73,-131.518,100,7300,15.449105024337769,-127.83098,-151.70656,-163.21284
74,-119.852066,100,7400,15.64504861831665,-127.29966,-150.6171,-162.6269
75,-129.56667,100,7500,15.838300704956055,-127.530174,-149.45631,-162.1861
76,-115.33206,100,7600,16.09653353691101,-126.20093,-147.76732,-161.5696
77,-123.47266,100,7700,16.292967796325684,-125.65279,-146.3866,-161.07483
78,-115.96018,100,7800,16.48375153541565,-123.711266,-145.05194,-160.49643
79,-110.96124,100,7900,16.683878183364868,-121.35457,-143.7692,-159.8694
80,-115.77597,100,8000,16.881680965423584,-119.14061,-142.54996,-159.31824
81,-106.24149,100,8100,17.139981269836426,-118.56416,-141.14368,-158.66296
82,-105.96865,100,8200,17.335697650909424,-117.46489,-139.78845,-158.02036
83,-107.59278,100,8300,17.53120517730713,-115.07237,-138.63051,-157.4128
84,-91.12895,100,8400,17.72333598136902,-112.20006,-136.76773,-156.6237
85,-92.1901,100,8500,17.914344549179077,-108.46242,-135.03995,-155.86566
86,-85.246254,100,8600,18.163796186447144,-105.453835,-132.91817,-155.0445
87,-83.824844,100,8700,18.358880281448364,-101.489044,-131.0582,-154.22589
88,-81.07567,100,8800,18.551713228225708,-98.000595,-129.5515,-153.39464
89,-82.80889,100,8900,18.741302251815796,-95.18536,-127.77918,-152.60155
90,-74.69999,100,9000,18.938910484313965,-91.07777,-125.92735,-151.73598
91,-72.937874,100,9100,19.200618982315063,-87.747406,-124.22251,-150.87006
92,-72.92526,100,9200,19.39003348350525,-84.44307,-122.394875,-150.02283
93,-76.63379,100,9300,19.58199429512024,-81.34717,-120.86687,-149.23369
94,-71.268394,100,9400,19.781781911849976,-79.3611,-119.209854,-148.40428
95,-75.12416,100,9500,19.988153219223022,-77.65451,-117.75706,-147.6329
96,-68.71217,100,9600,20.2413113117218,-76.0011,-116.03408,-146.81082
97,-70.765076,100,9700,20.439003229141235,-74.69512,-114.31436,-146.02684
98,-68.49702,100,9800,20.627042531967163,-73.43726,-112.75681,-145.23572
99,-68.60875,100,9900,20.825173377990723,-72.01725,-111.048485,-144.4617
100,-69.45711,100,10000,21.015751123428345,-71.492966,-109.23135,-143.71165
101,-66.28183,100,10100,21.271240711212158,-70.827354,-107.34423,-142.38423
102,-67.20451,100,10200,21.465553522109985,-70.25528,-105.62208,-141.08464
103,-70.26637,100,10300,21.65250825881958,-69.618546,-104.37642,-139.79439
104,-66.81087,100,10400,21.84168767929077,-69.17278,-103.12506,-138.60599
105,-67.41719,100,10500,22.02444553375244,-68.402084,-102.005714,-137.35837
106,-68.24685,100,10600,22.284438610076904,-68.35555,-100.94695,-136.0898
107,-67.41776,100,10700,22.471246480941772,-68.02083,-99.599236,-134.96672
108,-70.255295,100,10800,22.6637761592865,-68.196655,-98.23044,-133.67755
109,-65.05343,100,10900,22.859264612197876,-67.841125,-96.934814,-132.49075
110,-69.650406,100,11000,23.049356698989868,-67.86045,-95.584785,-131.29015
111,-74.096954,100,11100,23.306264638900757,-68.64195,-94.477196,-130.1748
112,-70.87255,100,11200,23.49321460723877,-69.008766,-93.60066,-129.04721
113,-77.779305,100,11300,23.68119764328003,-69.760056,-92.72583,-127.95281
114,-70.20305,100,11400,23.866748332977295,-70.09928,-91.62657,-126.88648
115,-70.12306,100,11500,24.049196243286133,-70.369865,-90.48381,-125.68056
116,-76.95985,100,11600,24.303663969039917,-71.241165,-89.45051,-124.66225
117,-71.09587,100,11700,24.48462963104248,-71.60898,-88.29336,-123.555214
118,-79.28968,100,11800,24.665521383285522,-72.51242,-87.17163,-122.42229
119,-80.410324,100,11900,24.852522134780884,-74.04811,-86.089264,-121.33287
120,-78.974396,100,12000,25.031798839569092,-74.98051,-84.91046,-120.26044
121,-76.83606,100,12100,25.29085636138916,-75.25442,-84.20706,-119.26367
122,-83.81731,100,12200,25.471766233444214,-76.5489,-83.54418,-118.28705
123,-83.67387,100,12300,25.66266965866089,-77.13835,-82.5873,-117.14693
124,-76.388824,100,12400,25.84679102897644,-77.756935,-81.71803,-116.16755
125,-77.701294,100,12500,26.037927627563477,-78.51475,-80.68073,-115.068504
126,-87.65055,100,12600,26.28890824317932,-79.58382,-80.1271,-113.947205
127,-87.63228,100,12700,26.468860149383545,-81.237465,-79.410286,-112.89843
128,-78.47285,100,12800,26.649836540222168,-81.15578,-78.660545,-111.85624
129,-76.395,100,12900,26.841025590896606,-80.75424,-77.969215,-110.86919
130,-76.20051,100,13000,27.0219464302063,-80.47685,-77.177704,-109.86381
131,-79.66854,100,13100,27.278777599334717,-80.7601,-76.64625,-108.89494
132,-71.535866,100,13200,27.466876983642578,-79.53195,-75.957596,-107.87302
133,-74.121864,100,13300,27.647327661514282,-78.57677,-75.28818,-106.95934
134,-76.79735,100,13400,27.836833953857422,-78.617615,-75.00154,-105.884636
135,-77.94355,100,13500,28.01736617088318,-78.64184,-74.71661,-104.87828
136,-81.71479,100,13600,28.27288842201233,-78.048256,-74.64598,-103.78208
137,-82.729576,100,13700,28.465123176574707,-77.55798,-74.62408,-102.84113
138,-79.18899,100,13800,28.66025137901306,-77.6296,-74.586334,-102.06894
139,-83.90745,100,13900,28.8394718170166,-78.380844,-74.608315,-101.19375
140,-79.04835,100,14000,29.020644664764404,-78.665634,-74.69528,-100.31132
141,-77.12289,100,14100,29.278385877609253,-78.411064,-74.77898,-99.500755
142,-74.67834,100,14200,29.462373971939087,-78.72531,-74.81404,-98.60447
143,-73.31237,100,14300,29.645089626312256,-78.64436,-74.74761,-97.80726
144,-76.820885,100,14400,29.82616090774536,-78.64671,-74.85866,-97.03427
145,-76.60889,100,14500,30.006659984588623,-78.51325,-74.88835,-96.322716
146,-71.379974,100,14600,30.26566791534424,-77.479774,-74.94171,-95.4879
147,-77.545845,100,14700,30.44728684425354,-76.961395,-75.07733,-94.69586
148,-73.82514,100,14800,30.634105443954468,-76.42501,-75.18389,-93.97036
149,-73.745255,100,14900,30.81719470024109,-75.40879,-75.28663,-93.16755
150,-72.57336,100,15000,30.997233629226685,-74.76129,-75.34895,-92.29015
151,-72.814156,100,15100,31.25868320465088,-74.33042,-75.47959,-91.41191
152,-76.54764,100,15200,31.439420700073242,-74.51735,-75.66646,-90.644264
153,-81.97114,100,15300,31.621459484100342,-75.383224,-75.90055,-90.13847
154,-78.246414,100,15400,31.80135154724121,-75.52578,-76.129265,-89.62716
155,-82.02665,100,15500,31.985626697540283,-76.06755,-76.42145,-89.21358
156,-75.620926,100,15600,32.24540185928345,-76.49165,-76.56893,-88.75794
157,-74.051094,100,15700,32.43530988693237,-76.14217,-76.7016,-88.1504
158,-74.49123,100,15800,32.61337447166443,-76.208786,-76.786316,-87.50838
159,-78.06533,100,15900,32.797271728515625,-76.64079,-77.046555,-86.990685
160,-71.60524,100,16000,32.98504090309143,-76.54398,-77.085655,-86.33521
161,-75.14651,100,16100,33.245434522628784,-76.77721,-77.10664,-85.79192
162,-76.280396,100,16200,33.429317235946655,-76.75049,-77.2148,-85.40774
163,-78.608826,100,16300,33.607563972473145,-76.41426,-77.2314,-84.97861
164,-77.0368,100,16400,33.7887966632843,-76.2933,-77.36807,-84.49732
165,-81.151855,100,16500,33.97889518737793,-76.20582,-77.588646,-84.03623
166,-87.5524,100,16600,34.23126840591431,-77.398964,-77.80049,-83.62551
167,-83.36236,100,16700,34.41855454444885,-78.33009,-78.04582,-83.169586
168,-82.64114,100,16800,34.59963774681091,-79.145096,-78.112854,-82.64224
169,-86.898895,100,16900,34.779292821884155,-80.02844,-78.24262,-82.16595
170,-82.05333,100,17000,34.96225428581238,-81.07326,-78.3042,-81.60733
171,-80.86548,100,17100,35.21924376487732,-81.64516,-78.38479,-81.29593
172,-81.15572,100,17200,35.40840029716492,-82.13268,-78.33156,-80.93787
173,-82.923065,100,17300,35.58789896965027,-82.5641,-78.31654,-80.45192
174,-73.92422,100,17400,35.7710165977478,-82.252846,-78.26725,-79.99264
175,-75.92023,100,17500,35.95532035827637,-81.72968,-78.23163,-79.45618
176,-74.73357,100,17600,36.221062421798706,-80.4478,-77.97329,-79.05019
177,-70.23845,100,17700,36.4043083190918,-79.135414,-77.62542,-78.517845
178,-81.78595,100,17800,36.583932876586914,-79.0499,-77.69167,-78.17611
179,-74.352646,100,17900,36.76896953582764,-77.79527,-77.650826,-77.81001
180,-78.42806,100,18000,36.95505976676941,-77.43274,-77.69537,-77.43654
181,-72.15312,100,18100,37.21515226364136,-76.5615,-77.54507,-77.09566
182,-75.07838,100,18200,37.39813733100891,-75.95377,-77.61592,-76.78676
183,-72.77238,100,18300,37.58054971694946,-74.938705,-77.58893,-76.43855
184,-73.380806,100,18400,37.77118802070618,-74.88436,-77.52061,-76.26108
185,-74.214775,100,18500,37.96110701560974,-74.71381,-77.44603,-76.08132
186,-74.01949,100,18600,38.22778797149658,-74.64241,-77.29212,-75.969055
187,-71.39798,100,18700,38.414883613586426,-74.75836,-77.06549,-75.84478
188,-70.261475,100,18800,38.59775161743164,-73.60591,-76.88694,-75.73664
189,-68.97075,100,18900,38.78858733177185,-73.067726,-76.58821,-75.59825
190,-71.89196,100,19000,38.97903776168823,-72.414116,-76.445076,-75.57018
191,-73.526306,100,19100,39.239845514297485,-72.55144,-76.373146,-75.57606
192,-74.722565,100,19200,39.42885231971741,-72.51585,-76.37403,-75.59404
193,-76.69897,100,19300,39.614039182662964,-72.90851,-76.441765,-75.59469
194,-87.682205,100,19400,39.80575633049011,-74.338646,-76.65899,-75.75882
195,-79.36151,100,19500,39.992876052856445,-74.85332,-76.714035,-75.80119
196,-77.96113,100,19600,40.2591438293457,-75.24748,-76.845665,-75.893684
197,-78.86909,100,19700,40.4465012550354,-75.9946,-76.87213,-75.974724
198,-91.78379,100,19800,40.63297486305237,-78.14683,-77.2313,-76.207596
199,-77.05994,100,19900,40.8191614151001,-78.95575,-77.297585,-76.29211
200,-80.27181,100,20000,41.00359916687012,-79.79373,-77.45156,-76.40026
201,-86.265305,100,20100,41.2670259475708,-81.067635,-77.72059,-76.60009
202,-82.662895,100,20200,41.45478010177612,-81.861664,-77.84289,-76.75468
203,-84.210075,100,20300,41.64622163772583,-82.61278,-77.887665,-76.89411
204,-77.82241,100,20400,41.82892465591431,-81.62679,-77.87918,-77.00423
205,-76.04624,100,20500,42.02237606048584,-81.29527,-77.75958,-77.090515
206,-72.634445,100,20600,42.28245973587036,-80.7626,-77.69985,-77.13439
207,-81.39581,100,20700,42.47367215156555,-81.015274,-77.84674,-77.27418
208,-73.90963,100,20800,42.660123348236084,-79.22786,-77.83511,-77.310715
209,-76.83016,100,20900,42.84596586227417,-79.20488,-77.81041,-77.42848
210,-75.919754,100,21000,43.04205822944641,-78.76967,-77.8967,-77.49118
211,-77.2875,100,21100,43.29854345321655,-77.871895,-77.93952,-77.52309
212,-68.337036,100,21200,43.50588345527649,-76.43931,-77.780655,-77.49773
213,-72.45921,100,21300,43.691449880599976,-75.26422,-77.65766,-77.44453
214,-69.97074,100,21400,43.874001264572144,-74.47906,-77.516335,-77.4422
215,-69.09187,100,21500,44.066386699676514,-73.783615,-77.27514,-77.431885
216,-70.40634,100,21600,44.325987815856934,-73.56081,-76.93222,-77.366356
217,-70.336845,100,21700,44.512553215026855,-72.45491,-76.67171,-77.358765
218,-69.169815,100,21800,44.70331788063049,-71.98093,-76.40228,-77.25756
219,-75.12617,100,21900,44.8856475353241,-71.81053,-76.16683,-77.20472
220,-71.86946,100,22000,45.07275652885437,-71.4055,-75.96315,-77.133675
221,-69.90198,100,22100,45.3385796546936,-70.66695,-75.74387,-77.06434
222,-73.99407,100,22200,45.524235248565674,-71.23265,-75.60065,-76.966095
223,-74.280235,100,22300,45.71296143531799,-71.41476,-75.427795,-76.87217
224,-82.48843,100,22400,45.9005606174469,-72.66652,-75.599075,-76.93316
225,-68.42743,100,22500,46.09519553184509,-72.60008,-75.44922,-76.84042
226,-69.81506,100,22600,46.344300270080566,-72.54095,-75.35085,-76.66206
227,-72.93426,100,22700,46.52583861351013,-72.8007,-75.40477,-76.51508
228,-81.73401,100,22800,46.72632336616516,-74.05711,-75.40373,-76.5477
229,-82.24932,100,22900,46.90852093696594,-74.769424,-75.56165,-76.60624
230,-81.75029,100,23000,47.09596228599548,-75.757515,-75.628105,-76.66174
231,-90.98649,100,23100,47.3480122089386,-77.86597,-76.004776,-76.774925
232,-86.04089,100,23200,47.54358506202698,-79.07065,-76.22402,-76.919975
233,-84.616615,100,23300,47.73582935333252,-80.10429,-76.46091,-77.024925
234,-85.28533,100,23400,47.92304015159607,-80.38397,-76.699,-77.1098
235,-91.53419,100,23500,48.11129856109619,-82.69465,-77.04539,-77.245705
236,-85.531906,100,23600,48.36936545372009,-84.26633,-77.275635,-77.283875
237,-79.28819,100,23700,48.55830144882202,-84.901726,-77.43344,-77.24946
238,-80.814804,100,23800,48.74738025665283,-84.8098,-77.6445,-77.265724
239,-85.42706,100,23900,48.933923959732056,-85.12758,-77.97363,-77.28092
240,-81.36619,100,24000,49.12205767631531,-85.089165,-78.16312,-77.3041
241,-79.315994,100,24100,49.3765389919281,-83.92211,-78.27891,-77.32603
242,-85.68553,100,24200,49.5593101978302,-83.88658,-78.49817,-77.436104
243,-73.42658,100,24300,49.75370788574219,-82.767586,-78.43272,-77.43724
244,-73.019966,100,24400,49.934863567352295,-81.54104,-78.13948,-77.39924
245,-74.26643,100,24500,50.1227068901062,-79.81426,-78.037575,-77.37582
246,-77.62004,100,24600,50.376364946365356,-79.02308,-78.030754,-77.43822
247,-73.990135,100,24700,50.56486201286316,-78.49328,-77.933174,-77.40266
248,-79.981575,100,24800,50.75846767425537,-78.40995,-77.697136,-77.46422
249,-77.003456,100,24900,50.93965268135071,-77.5676,-77.696,-77.496796
250,-79.5152,100,25000,51.12375068664551,-77.38249,-77.68086,-77.566216
251,-76.442276,100,25100,51.37816524505615,-77.09512,-77.484406,-77.60249
252,-78.172325,100,25200,51.56295657157898,-76.343796,-77.3946,-77.618744
253,-73.9122,100,25300,51.753615617752075,-76.39236,-77.18864,-77.538155
254,-78.64674,100,25400,51.93574261665344,-76.95504,-77.205124,-77.54216
255,-79.78053,100,25500,52.13204741477966,-77.50645,-77.27981,-77.5197
256,-73.59307,100,25600,52.386285066604614,-77.103745,-77.29898,-77.49942
257,-79.75096,100,25700,52.56931519508362,-77.67984,-77.26608,-77.55642
258,-78.58502,100,25800,52.76124954223633,-77.54018,-77.35959,-77.59735
259,-72.785355,100,25900,52.95130753517151,-77.11836,-77.278694,-77.54455
260,-76.81641,100,26000,53.14071202278137,-76.84849,-77.29664,-77.59666
261,-83.51241,100,26100,53.39202570915222,-77.5555,-77.42113,-77.68032
262,-81.43024,100,26200,53.57594132423401,-77.881294,-77.68299,-77.73182
263,-80.3014,100,26300,53.76867365837097,-78.52022,-77.839836,-77.74875
264,-76.91523,100,26400,53.95342302322388,-78.34706,-77.97873,-77.74753
265,-76.9493,100,26500,54.14563775062561,-78.06394,-78.13587,-77.705505
266,-77.60392,100,26600,54.40436387062073,-78.46503,-78.27982,-77.60602
267,-78.14489,100,26700,54.5991735458374,-78.30443,-78.43599,-77.55385
268,-79.67985,100,26800,54.79553151130676,-78.4139,-78.64619,-77.52423
269,-78.64316,100,26900,54.97740578651428,-78.99968,-78.71653,-77.44167
270,-78.44808,100,27000,55.16111779212952,-79.16285,-78.8481,-77.40563
271,-80.407326,100,27100,55.42100548744202,-78.85234,-79.058205,-77.40104
272,-68.796394,100,27200,55.61101937294006,-77.58895,-78.954254,-77.27745
273,-81.299446,100,27300,55.79876685142517,-77.68876,-79.094635,-77.26121
274,-79.884224,100,27400,55.99010229110718,-77.985664,-79.04256,-77.320816
275,-74.4235,100,27500,56.180965423583984,-77.73308,-79.162476,-77.30585
276,-76.42345,100,27600,56.43675708770752,-77.615036,-79.29465,-77.32275
277,-77.16083,100,27700,56.629993200302124,-77.516624,-79.37917,-77.39196
278,-86.207726,100,27800,56.815489292144775,-78.16942,-79.46865,-77.43618
279,-73.11034,100,27900,57.00292181968689,-77.616135,-79.285866,-77.42377
280,-80.42655,100,28000,57.191726207733154,-77.81398,-79.2594,-77.44375
281,-78.027016,100,28100,57.45072674751282,-77.57595,-79.000206,-77.50249
282,-78.604546,100,28200,57.64039087295532,-78.55677,-78.85148,-77.53775
283,-78.85707,100,28300,57.83176302909851,-78.312515,-78.73629,-77.598595
284,-73.783226,100,28400,58.02069306373596,-77.70242,-78.50625,-77.602615
285,-71.30176,100,28500,58.20643401145935,-77.39024,-78.10159,-77.573494
286,-74.349815,100,28600,58.46773386001587,-77.182884,-77.87795,-77.57679
287,-79.18096,100,28700,58.66019535064697,-77.3849,-77.87581,-77.654625
288,-76.11675,100,28800,58.84856390953064,-76.37581,-77.781845,-77.71317
289,-78.04031,100,28900,59.03744316101074,-76.8688,-77.63412,-77.80387
290,-74.85164,100,29000,59.22631812095642,-76.31131,-77.503815,-77.83347
291,-76.22332,100,29100,59.48503255844116,-76.13094,-77.44197,-77.86044
292,-82.052475,100,29200,59.67897820472717,-76.47574,-77.36931,-77.93374
293,-76.09275,100,29300,59.86370921134949,-76.1993,-77.42263,-77.92767
294,-71.43452,100,29400,60.05437517166138,-75.96443,-77.39092,-77.7652
295,-69.151054,100,29500,60.241217374801636,-75.74937,-77.28862,-77.66309
296,-75.676575,100,29600,60.503159523010254,-75.882034,-77.24975,-77.64025
297,-70.639336,100,29700,60.68797516822815,-75.02788,-77.18273,-77.55795
298,-72.12055,100,29800,60.881834745407104,-74.62825,-77.02551,-77.36131
299,-74.276855,100,29900,61.07047367095947,-74.25191,-76.97098,-77.33349
300,-68.18533,100,30000,61.2585654258728,-73.58528,-76.74438,-77.21262
301,-75.16837,100,30100,61.52412533760071,-73.47978,-76.7189,-77.10166
302,-65.952515,100,30200,61.70296621322632,-71.8698,-76.47451,-76.934555
303,-76.297226,100,30300,61.886027812957764,-71.890236,-76.5222,-76.85542
304,-76.53819,100,30400,62.07818818092346,-72.400604,-76.480034,-76.84258
305,-77.60063,100,30500,62.2612464427948,-73.24556,-76.43643,-76.85812
306,-71.12169,100,30600,62.51580786705017,-72.79007,-76.38701,-76.842995
307,-77.02164,100,30700,62.69338297843933,-73.4283,-76.33243,-76.799255
308,-80.56791,100,30800,62.872645139694214,-74.27304,-76.372086,-76.86584
309,-78.80442,100,30900,63.05378031730652,-74.7258,-76.49246,-76.885574
310,-78.61196,100,31000,63.238391160964966,-75.768456,-76.52837,-76.9125
311,-79.022514,100,31100,63.49060797691345,-76.15386,-76.438576,-76.92985
312,-82.56291,100,31200,63.676902532577515,-77.81491,-76.46123,-77.07211
313,-75.84113,100,31300,63.86358833312988,-77.7693,-76.372025,-77.105934
314,-83.47513,100,31400,64.05304288864136,-78.46299,-76.50322,-77.240974
315,-76.59077,100,31500,64.2369532585144,-78.36201,-76.49605,-77.31596
316,-76.88944,100,31600,64.4941794872284,-78.93878,-76.481766,-77.3808
317,-78.11202,100,31700,64.6749758720398,-79.04782,-76.4811,-77.45854
318,-76.12052,100,31800,64.861647605896,-78.60307,-76.40992,-77.52805
319,-80.09524,100,31900,65.04123663902283,-78.73216,-76.43896,-77.57774
320,-74.03116,100,32000,65.22164988517761,-78.274086,-76.35062,-77.59936
321,-72.83976,100,32100,65.48452162742615,-77.65581,-76.19927,-77.62874
322,-86.928505,100,32200,65.6751594543457,-78.09237,-76.56191,-77.75809
323,-82.52735,100,32300,65.86924290657043,-78.760994,-76.58647,-77.84055
324,-75.6905,100,32400,66.05701041221619,-77.98253,-76.50259,-77.772575
325,-82.3077,100,32500,66.24330687522888,-78.554214,-76.66027,-77.91138
326,-75.88669,100,32600,66.50582551956177,-78.45394,-76.64954,-77.97209
327,-82.887886,100,32700,66.70098829269409,-78.931526,-76.764084,-78.07163
328,-75.66852,100,32800,66.88825511932373,-78.88633,-76.5533,-78.01097
329,-77.56876,100,32900,67.08119988441467,-78.63368,-76.64247,-77.96417
330,-73.66331,100,33000,67.26896619796753,-78.59691,-76.50721,-77.88329
331,-78.49389,100,33100,67.5307228565216,-79.16231,-76.51654,-77.75838
332,-75.5561,100,33200,67.72599506378174,-78.02507,-76.455574,-77.65353
333,-76.268906,100,33300,67.91639256477356,-77.39922,-76.40381,-77.570045
334,-77.37082,100,33400,68.10677289962769,-77.56726,-76.47556,-77.490906
335,-78.12217,100,33500,68.2961254119873,-77.148705,-76.61197,-77.35678
336,-81.83079,100,33600,68.5683765411377,-77.74312,-76.76159,-77.31977
337,-82.527016,100,33700,68.76308798789978,-77.70703,-76.828514,-77.35215
338,-73.96705,100,33800,68.95181369781494,-77.53688,-76.785515,-77.28368
339,-72.82984,100,33900,69.14360022544861,-77.06299,-76.681305,-77.157715
340,-77.63556,100,34000,69.33874273300171,-77.46021,-76.736984,-77.12041
341,-82.075195,100,34100,69.606769323349,-77.818344,-76.85402,-77.148
342,-78.967896,100,34200,69.79621529579163,-78.15952,-76.79233,-77.080826
343,-70.98915,100,34300,69.98880624771118,-77.631546,-76.69026,-77.05645
344,-75.82152,100,34400,70.18144130706787,-77.476616,-76.778,-77.084465
345,-69.52638,100,34500,70.37362408638,-76.61704,-76.7855,-77.03706
346,-74.041084,100,34600,70.63746190071106,-75.838066,-76.75279,-77.00127
347,-69.885506,100,34700,70.83116436004639,-74.57391,-76.73772,-76.96023
348,-74.38539,100,34800,71.02346849441528,-74.615746,-76.78302,-76.90427
349,-73.02909,100,34900,71.2143304347992,-74.63567,-76.758064,-76.864525
350,-75.43144,100,35000,71.40330505371094,-74.41527,-76.90298,-76.823685
351,-72.945366,100,35100,71.6832525730133,-73.50228,-76.85852,-76.78872
352,-79.41745,100,35200,71.88083410263062,-73.54724,-77.12782,-76.80117
353,-77.7875,100,35300,72.08029532432556,-74.22707,-77.15762,-76.83992
354,-75.650925,100,35400,72.27047920227051,-74.210014,-77.139885,-76.80996
355,-79.05242,100,35500,72.46395111083984,-75.16262,-77.168915,-76.80268
356,-78.746704,100,35600,72.73368644714355,-75.63319,-77.32142,-76.85422
357,-78.33224,100,35700,72.92632865905762,-76.47785,-77.34763,-76.84003
358,-78.0011,100,35800,73.12963581085205,-76.839424,-77.296295,-76.83418
359,-81.84183,100,35900,73.35724353790283,-77.72069,-77.35704,-76.92475
360,-76.751015,100,36000,73.55314636230469,-77.85265,-77.31982,-76.9241
361,-84.79713,100,36100,73.82080221176147,-79.037834,-77.43531,-76.93695
362,-78.72697,100,36200,74.02426147460938,-78.96878,-77.3586,-76.90992
363,-90.59906,100,36300,74.21805930137634,-80.24994,-77.653755,-77.01289
364,-85.15638,100,36400,74.43308162689209,-81.200485,-77.687386,-77.09531
365,-86.43919,100,36500,74.65449404716492,-81.93916,-77.884346,-77.1902
366,-87.93991,100,36600,74.94308066368103,-82.85848,-78.105354,-77.29356
367,-95.90274,100,36700,75.14557266235352,-84.615524,-78.461174,-77.47114
368,-84.81541,100,36800,75.3424334526062,-85.29696,-78.63507,-77.52249
369,-90.41358,100,36900,75.54420399665833,-86.15414,-78.84144,-77.6402
370,-84.40299,100,37000,75.7334611415863,-86.919334,-79.048874,-77.69975
371,-80.82081,100,37100,75.99698114395142,-86.52171,-79.20849,-77.70388
372,-78.15453,100,37200,76.19516253471375,-86.46446,-79.03301,-77.79746
373,-75.36328,100,37300,76.38856410980225,-84.94088,-78.88973,-77.7381
374,-77.19937,100,37400,76.59002089500427,-84.14518,-78.919914,-77.71125
375,-85.62661,100,37500,76.78699493408203,-84.06393,-78.98629,-77.82327
376,-79.80913,100,37600,77.05155611038208,-83.25085,-79.06474,-77.85714
377,-73.5859,100,37700,77.24558854103088,-81.019165,-78.87869,-77.82139
378,-77.386955,100,37800,77.44036817550659,-80.27631,-78.91307,-77.73318
379,-72.324875,100,37900,77.62927675247192,-78.46745,-78.80819,-77.72532
380,-71.89082,100,38000,77.8265380859375,-77.216225,-78.77274,-77.63997
381,-73.59596,100,38100,78.09151768684387,-76.493744,-78.67478,-77.59566
382,-75.069244,100,38200,78.2872486114502,-76.1852,-78.66505,-77.56031
383,-75.86906,100,38300,78.48249530792236,-76.235794,-78.65705,-77.530426
384,-68.050835,100,38400,78.67013478279114,-75.32094,-78.47064,-77.47311
385,-68.60939,100,38500,78.86652636528015,-73.61922,-78.28039,-77.44618
386,-77.08282,100,38600,79.13527703285217,-73.34658,-78.18543,-77.47352
387,-73.0689,100,38700,79.33504176139832,-73.29488,-77.99627,-77.412384
388,-72.66432,100,38800,79.52050304412842,-72.822624,-77.97021,-77.37787
389,-74.85211,100,38900,79.71221923828125,-73.07535,-78.01066,-77.345985
390,-73.235,100,39000,79.89690518379211,-73.20976,-77.92265,-77.32981
391,-79.57316,100,39100,80.17297077178955,-73.80748,-77.87261,-77.36331
392,-83.065796,100,39200,80.3576967716217,-74.60713,-77.95457,-77.37345
393,-81.54839,100,39300,80.54820942878723,-75.17507,-78.16575,-77.42801
394,-74.911766,100,39400,80.73720216751099,-75.86116,-78.14755,-77.462776
395,-73.24386,100,39500,80.91893720626831,-76.32461,-78.22191,-77.5037
396,-83.25031,100,39600,81.18595695495605,-76.94136,-78.4061,-77.57944
397,-80.24798,100,39700,81.3683214187622,-77.65927,-78.61334,-77.67553
398,-80.239,100,39800,81.55785036087036,-78.41674,-78.730415,-77.756714
399,-76.85469,100,39900,81.74498438835144,-78.617,-78.80692,-77.78249
400,-77.895035,100,40000,81.93859720230103,-79.08299,-78.85619,-77.87958
401,-84.86352,100,40100,82.20734930038452,-79.61204,-79.09456,-77.97653
402,-79.634926,100,40200,82.40033078193665,-79.26895,-79.09891,-78.11336
403,-81.66548,100,40300,82.58490085601807,-79.280655,-79.17647,-78.16704
404,-88.12053,100,40400,82.76970338821411,-80.60153,-79.425865,-78.28287
405,-84.79855,100,40500,82.96169924736023,-81.757,-79.54079,-78.35485
406,-85.0685,100,40600,83.23391842842102,-81.93882,-79.66722,-78.494316
407,-75.9464,100,40700,83.41960883140564,-81.50866,-79.6195,-78.48356
408,-76.463905,100,40800,83.61257743835449,-81.13116,-79.58875,-78.44252
409,-78.74316,100,40900,83.79512071609497,-81.32,-79.52678,-78.4419
410,-85.73075,100,41000,83.9773862361908,-82.10357,-79.70638,-78.5131
411,-77.331154,100,41100,84.24721646308899,-81.350334,-79.55705,-78.496185
412,-76.60083,100,41200,84.43203020095825,-81.04693,-79.514534,-78.43657
413,-78.078705,100,41300,84.62550711631775,-80.68825,-79.26413,-78.45894
414,-77.74391,100,41400,84.81895899772644,-79.65059,-79.11588,-78.40163
415,-79.62351,100,41500,85.00923490524292,-79.13308,-78.97957,-78.43196
416,-78.11234,100,41600,85.27061939239502,-78.43747,-78.78302,-78.44419
417,-71.68277,100,41700,85.4539144039154,-78.01111,-78.298615,-78.37989
418,-71.80539,100,41800,85.6461181640625,-77.54525,-78.03842,-78.33674
419,-73.29904,100,41900,85.83896851539612,-77.00084,-77.69613,-78.268776
420,-76.88185,100,42000,86.01956629753113,-76.115944,-77.5457,-78.29728
421,-76.9667,100,42100,86.28345036506653,-76.079506,-77.46862,-78.33855
422,-72.00107,100,42200,86.46994495391846,-75.61953,-77.34555,-78.189285
423,-75.305725,100,42300,86.65649199485779,-75.34223,-77.34439,-78.117065
424,-77.39577,100,42400,86.8437750339508,-75.30742,-77.34833,-78.134125
425,-69.38379,100,42500,87.02984881401062,-74.28344,-77.02347,-78.00488
426,-71.005585,100,42600,87.28358626365662,-73.57277,-76.8474,-77.95608
427,-75.79972,100,42700,87.47136902809143,-73.98447,-76.89168,-77.88519
428,-76.91991,100,42800,87.65605282783508,-74.495926,-76.88233,-77.8977
429,-77.91686,100,42900,87.84721279144287,-74.957695,-76.99417,-77.901184
430,-81.92453,100,43000,88.03062176704407,-75.46196,-77.19485,-77.983795
431,-80.53647,100,43100,88.28271460533142,-75.81895,-77.333664,-78.00423
432,-72.48007,100,43200,88.47389435768127,-75.866844,-77.28187,-77.973465
433,-74.39107,100,43300,88.6618423461914,-75.775375,-77.25231,-77.95468
434,-78.08904,100,43400,88.8460214138031,-75.8447,-77.45309,-77.96187
435,-76.993675,100,43500,89.03120923042297,-76.6057,-77.620766,-77.950584
436,-74.94745,100,43600,89.30017614364624,-76.99988,-77.578064,-77.881744
437,-80.57161,100,43700,89.4885573387146,-77.477066,-77.72812,-77.86219
438,-85.46516,100,43800,89.67278218269348,-78.33159,-77.98413,-77.97718
439,-81.02711,100,43900,89.86237835884094,-78.642624,-78.107635,-78.05915
440,-70.97021,100,44000,90.04879450798035,-77.54719,-78.06234,-77.9925
441,-80.39268,100,44100,90.30470752716064,-77.532814,-78.07872,-77.97568
442,-76.35481,100,44200,90.49603486061096,-77.92028,-77.9445,-77.94954
443,-78.204254,100,44300,90.68898797035217,-78.3016,-77.877625,-78.02169
444,-70.77997,100,44400,90.87681412696838,-77.570694,-77.79499,-77.97127
445,-72.963554,100,44500,91.06024956703186,-77.16768,-77.78938,-78.005646
446,-75.450935,100,44600,91.31918692588806,-77.21803,-77.63339,-78.019745
447,-73.97944,100,44700,91.50321412086487,-76.558815,-77.508026,-78.060684
448,-73.58954,100,44800,91.70581007003784,-75.371254,-77.37503,-78.05273
449,-78.11198,100,44900,91.89091897010803,-75.079735,-77.400185,-78.10355
450,-81.61008,100,45000,92.07916617393494,-76.14372,-77.47448,-78.16534
451,-76.62815,100,45100,92.33311438560486,-75.76727,-77.30978,-78.202156
452,-82.33289,100,45200,92.52267670631409,-76.365074,-77.36374,-78.231316
453,-76.098564,100,45300,92.71477603912354,-76.15451,-77.2524,-78.21443
454,-78.96207,100,45400,92.89646911621094,-76.97272,-77.06923,-78.247536
455,-79.31722,100,45500,93.08569025993347,-77.608086,-76.9596,-78.2502
456,-73.666855,100,45600,93.34311246871948,-77.42967,-76.73156,-78.199394
457,-78.7836,100,45700,93.53021907806396,-77.910095,-76.78831,-78.20391
458,-83.91309,100,45800,93.72529029846191,-78.942444,-76.937294,-78.26303
459,-82.085884,100,45900,93.90918135643005,-79.339836,-77.00415,-78.26547
460,-74.76971,100,46000,94.09228014945984,-78.6558,-76.78493,-78.24565
461,-77.90728,100,46100,94.35629057884216,-78.783714,-76.79645,-78.17675
462,-73.59186,100,46200,94.54575943946838,-77.909615,-76.73627,-78.1254
463,-83.21334,100,46300,94.74181818962097,-78.621086,-76.83897,-78.051544
464,-74.93317,100,46400,94.92845582962036,-78.2182,-76.782745,-77.94932
465,-76.38035,100,46500,95.11324667930603,-77.924515,-76.71788,-77.848724
466,-72.518265,100,46600,95.37466096878052,-77.809654,-76.606,-77.6945
467,-80.23405,100,46700,95.57266926765442,-77.9547,-76.77703,-77.53782
468,-79.24322,100,46800,95.76980209350586,-77.48772,-76.92579,-77.4821
469,-80.446045,100,46900,95.96361517906189,-77.32372,-77.06872,-77.38242
470,-73.94777,100,47000,96.15075588226318,-77.24153,-77.01004,-77.27786
471,-87.97958,100,47100,96.421621799469,-78.248764,-77.23029,-77.34946
472,-80.40267,100,47200,96.61882257461548,-78.929855,-77.39832,-77.37194
473,-74.66378,100,47300,96.80951189994812,-78.07489,-77.38549,-77.364944
474,-80.2849,100,47400,97.00707674026489,-78.61006,-77.443275,-77.3958
475,-78.808235,100,47500,97.19692373275757,-78.85286,-77.63177,-77.32761
476,-85.1988,100,47600,97.45999145507812,-80.1209,-77.91563,-77.3815
477,-78.86381,100,47700,97.64748764038086,-79.98389,-77.976906,-77.43429
478,-87.19946,100,47800,97.84365582466125,-80.7795,-78.1825,-77.53241
479,-78.94009,100,47900,98.03484296798706,-80.62891,-78.20297,-77.59856
480,-75.95773,100,48000,98.23516154289246,-80.82991,-78.08363,-77.63924
481,-78.14585,100,48100,98.50893354415894,-79.846535,-78.03582,-77.68473
482,-72.60568,100,48200,98.70095682144165,-79.06683,-78.03833,-77.660095
483,-75.37212,100,48300,98.8897180557251,-79.13768,-78.05795,-77.65513
484,-69.629684,100,48400,99.08195185661316,-78.07215,-77.88876,-77.67092
485,-74.956116,100,48500,99.27899670600891,-77.686935,-77.848015,-77.73439
486,-71.307526,100,48600,99.54256916046143,-76.297806,-77.775215,-77.67664
487,-72.31559,100,48700,99.74009370803833,-75.64299,-77.6101,-77.669106
488,-84.53873,100,48800,99.92782282829285,-75.376915,-77.591576,-77.78785
489,-76.60482,100,48900,100.11671233177185,-75.14338,-77.50312,-77.805374
490,-79.02637,100,49000,100.30970287322998,-75.45024,-77.664246,-77.86329
491,-78.21159,100,49100,100.57494759559631,-75.456825,-77.62062,-77.84967
492,-76.14281,100,49200,100.77759075164795,-75.81054,-77.61638,-77.78044
493,-79.15721,100,49300,100.97463893890381,-76.18905,-77.63544,-77.75653
494,-79.920166,100,49400,101.16877698898315,-77.218094,-77.818245,-77.80661
495,-76.24674,100,49500,101.36894607543945,-77.34715,-77.8839,-77.83664
496,-78.625404,100,49600,101.63703298568726,-78.07894,-77.9474,-77.79039
497,-72.72769,100,49700,101.8382318019867,-78.120155,-77.92236,-77.71519
498,-68.82748,100,49800,102.02751350402832,-76.54903,-77.82712,-77.60108
499,-73.36629,100,49900,102.22258377075195,-76.225174,-77.7322,-77.56619
500,-71.99702,100,50000,102.410151720047,-75.52223,-77.53995,-77.50721
501,-71.00783,100,50100,102.68600726127625,-74.801865,-77.427536,-77.36866
502,-74.81242,100,50200,102.8784749507904,-74.66883,-77.27713,-77.320435
503,-74.51839,100,50300,103.06896805763245,-74.20494,-77.24553,-77.24896
504,-79.44591,100,50400,103.26588129997253,-74.15752,-77.2552,-77.16221
505,-81.93921,100,50500,103.46000361442566,-74.72676,-77.30764,-77.13362
506,-83.052635,100,50600,103.73256087303162,-75.16948,-77.49537,-77.113464
507,-75.46889,100,50700,103.92342066764832,-75.4436,-77.42907,-77.10868
508,-77.86876,100,50800,104.11870241165161,-76.34773,-77.30818,-77.12274
509,-84.07779,100,50900,104.3098418712616,-77.418884,-77.348015,-77.17607
510,-75.905876,100,51000,104.5040111541748,-77.80977,-77.370735,-77.07783
511,-84.23865,100,51100,104.77477264404297,-79.13286,-77.49736,-77.146904
512,-84.61314,100,51200,104.96490049362183,-80.11293,-77.71779,-77.22703
513,-77.42439,100,51300,105.1514093875885,-80.40352,-77.602005,-77.22049
514,-76.14959,100,51400,105.3452398777008,-80.07389,-77.62634,-77.204544
515,-79.19586,100,51500,105.53084182739258,-79.79956,-77.68265,-77.200264
516,-72.183716,100,51600,105.7949891090393,-78.71266,-77.67596,-77.140976
517,-70.53129,100,51700,105.9919753074646,-78.21891,-77.4819,-77.12946
518,-66.97245,100,51800,106.17973637580872,-77.12928,-77.23649,-77.08114
519,-75.1607,100,51900,106.37490057945251,-76.23757,-77.13078,-77.099754
520,-68.31272,100,52000,106.56359124183655,-75.47826,-77.01808,-77.01406
521,-73.39129,100,52100,106.8361406326294,-74.39352,-76.72632,-76.9783
522,-71.96826,100,52200,107.0340428352356,-73.12903,-76.55763,-76.977974
523,-78.11413,100,52300,107.23080897331238,-73.198,-76.62663,-77.006065
524,-71.992775,100,52400,107.41984605789185,-72.782326,-76.46079,-76.952034
525,-77.05677,100,52500,107.60800266265869,-72.568405,-76.425766,-77.02876
526,-74.693954,100,52600,107.87301659584045,-72.819435,-76.21567,-77.06564
527,-77.81878,100,52700,108.06088852882385,-73.54819,-76.19476,-77.08584
528,-78.56897,100,52800,108.2549340724945,-74.70784,-76.022156,-77.102325
529,-78.70162,100,52900,108.44584488868713,-75.06192,-76.01738,-77.110176
530,-76.29202,100,53000,108.63542795181274,-75.85986,-76.02407,-77.053856
531,-72.66432,100,53100,108.90221190452576,-75.787155,-75.91444,-76.97513
532,-76.181984,100,53200,109.09399914741516,-76.208534,-75.98596,-77.01216
533,-72.72411,100,53300,109.29270553588867,-75.66953,-75.93301,-76.99549
534,-77.15225,100,53400,109.48929286003113,-76.185486,-76.08346,-76.986115
535,-71.535416,100,53500,109.67561769485474,-75.63334,-76.015045,-76.93153
536,-86.2213,100,53600,109.9385712146759,-76.78609,-76.31332,-77.04427
537,-76.894264,100,53700,110.12595129013062,-76.69363,-76.4049,-77.00749
538,-74.47731,100,53800,110.33951807022095,-76.28446,-76.20366,-76.89761
539,-75.40578,100,53900,110.54527282714844,-75.95487,-76.17968,-76.8414
540,-80.68478,100,54000,110.74265742301941,-76.39415,-76.21285,-76.938545
541,-85.689445,100,54100,111.01604390144348,-77.69666,-76.36241,-76.991516
542,-74.73613,100,54200,111.21016573905945,-77.55208,-76.334274,-76.97533
543,-79.12304,100,54300,111.399986743927,-78.19197,-76.33359,-76.98452
544,-74.61548,100,54400,111.59635949134827,-77.93829,-76.2275,-77.02287
545,-86.40176,100,54500,111.78305768966675,-79.42493,-76.4306,-77.15725
546,-78.787506,100,54600,112.05629539489746,-78.68154,-76.433846,-77.19063
547,-72.648155,100,54700,112.24937963485718,-78.25694,-76.43225,-77.17731
548,-75.86052,100,54800,112.44326829910278,-78.395256,-76.572914,-77.20001
549,-80.43002,100,54900,112.6350929737091,-78.89768,-76.71419,-77.2232
550,-77.78583,100,55000,112.83328294754028,-78.607796,-76.82996,-77.18495
551,-76.12676,100,55100,113.10399103164673,-77.65152,-76.93234,-77.17994
552,-77.353645,100,55200,113.29340505599976,-77.91328,-76.98317,-77.13015
553,-80.760254,100,55300,113.48089170455933,-78.07699,-77.108,-77.176765
554,-83.718346,100,55400,113.6676115989685,-78.987274,-77.19345,-77.22433
555,-74.04728,100,55500,113.86213493347168,-77.75183,-77.035614,-77.17162
556,-74.86807,100,55600,114.15266251564026,-77.359886,-76.871925,-77.18364
557,-78.70899,100,55700,114.36213493347168,-77.965965,-76.93673,-77.1829
558,-72.6608,100,55800,114.56193566322327,-77.645996,-76.832565,-77.07037
559,-70.58915,100,55900,114.76189398765564,-76.66191,-76.56279,-76.955414
560,-74.09081,100,56000,114.94366097450256,-76.29241,-76.5265,-76.948616
561,-72.60651,100,56100,115.20816469192505,-75.940384,-76.293846,-76.89561
562,-69.46749,100,56200,115.39488315582275,-75.15177,-75.99094,-76.85436
563,-74.67571,100,56300,115.58246541023254,-74.54331,-75.93597,-76.76899
564,-77.66065,100,56400,115.77546858787537,-73.937546,-75.96619,-76.79626
565,-74.8523,100,56500,115.96605896949768,-74.01804,-75.87931,-76.78098
566,-73.782745,100,56600,116.25786137580872,-73.90951,-75.91129,-76.793625
567,-87.30718,100,56700,116.46925234794617,-74.76933,-76.2468,-76.86436
568,-72.38885,100,56800,116.67336821556091,-74.74214,-76.35513,-76.795815
569,-70.980736,100,56900,116.87286305427551,-74.781296,-76.27154,-76.70116
570,-76.61856,100,57000,117.06842637062073,-75.03407,-76.43765,-76.727875
571,-74.80348,100,57100,117.3340756893158,-75.25377,-76.465904,-76.59611
572,-89.534706,100,57200,117.51568269729614,-77.26049,-76.81723,-76.68744
573,-94.28403,100,57300,117.70740485191345,-79.22133,-77.140625,-76.88364
574,-81.40575,100,57400,117.89616823196411,-79.59584,-77.32888,-76.894844
575,-93.16643,100,57500,118.09351539611816,-81.42725,-77.651085,-77.03842
576,-89.4988,100,57600,118.36182999610901,-82.998856,-77.947174,-77.08143
577,-79.22679,100,57700,118.58374738693237,-82.19081,-77.975334,-77.08505
578,-86.790535,100,57800,118.7991771697998,-83.63098,-78.13977,-77.08096
579,-88.29878,100,57900,118.99339890480042,-85.362785,-78.33171,-77.174545
580,-78.64217,100,58000,119.17537903785706,-85.56514,-78.37871,-77.201385
581,-75.84289,100,58100,119.45254015922546,-85.66908,-78.44228,-77.17836
582,-75.28491,100,58200,119.65686750411987,-84.2441,-78.42434,-77.205154
583,-71.933235,100,58300,119.84152674674988,-82.00903,-78.40852,-77.17075
584,-81.72003,100,58400,120.0299162864685,-82.04046,-78.499886,-77.29167
585,-73.585106,100,58500,120.21341180801392,-80.08232,-78.54088,-77.27796
586,-73.40827,100,58600,120.47573709487915,-78.473274,-78.284615,-77.298965
587,-74.23793,100,58700,120.66355419158936,-77.97438,-78.23149,-77.31819
588,-70.17687,100,58800,120.84562158584595,-76.31302,-78.145485,-77.17457
589,-71.551384,100,58900,121.0343587398529,-74.63828,-78.06839,-77.12403
590,-72.25196,100,59000,121.22069072723389,-73.99925,-77.899734,-77.05629
591,-70.888176,100,59100,121.48093605041504,-73.503784,-77.603714,-76.983055
592,-71.86027,100,59200,121.6644515991211,-73.16132,-77.546196,-76.94023
593,-76.4823,100,59300,121.84337854385376,-73.616234,-77.49338,-76.91348
594,-75.37823,100,59400,122.02481198310852,-72.98205,-77.50864,-76.868065
595,-77.59548,100,59500,122.20586204528809,-73.38309,-77.332504,-76.88156
596,-76.563065,100,59600,122.48823070526123,-73.69856,-77.28802,-76.86094
597,-71.46699,100,59700,122.69094824790955,-73.42147,-77.2644,-76.84833
598,-77.705475,100,59800,122.8769896030426,-74.17433,-77.3013,-76.9371
599,-73.166336,100,59900,123.0736939907074,-74.33582,-77.15602,-76.935104
600,-74.617645,100,60000,123.26202630996704,-74.57239,-77.09266,-76.96131
601,-71.483635,100,60100,123.53041291236877,-74.63194,-76.9998,-76.96607
602,-76.29365,100,60200,123.71355295181274,-75.07527,-76.9786,-76.98088
603,-85.16359,100,60300,123.89486646652222,-75.943405,-77.066666,-77.087326
604,-73.46581,100,60400,124.08383631706238,-75.75217,-76.86161,-77.02753
605,-78.84204,100,60500,124.26709818840027,-75.87682,-76.957504,-76.99655
606,-76.108246,100,60600,124.5295398235321,-75.83134,-76.98231,-76.92712
607,-73.63206,100,60700,124.72646808624268,-76.04785,-76.88077,-76.90875
608,-77.12865,100,60800,124.92776417732239,-75.99017,-76.97012,-76.901344
609,-73.94139,100,60900,125.123694896698,-76.06767,-77.03717,-76.79998
610,-80.94489,100,61000,125.30746626853943,-76.70039,-77.17425,-76.850365
611,-81.064064,100,61100,125.5682430267334,-77.65844,-77.3434,-76.81863
612,-83.00235,100,61200,125.7672209739685,-78.32931,-77.614105,-76.80251
613,-78.67149,100,61300,125.95654153823853,-77.6801,-77.694016,-76.81499
614,-72.252014,100,61400,126.14406299591064,-77.55872,-77.58584,-76.77601
615,-71.47383,100,61500,126.33207511901855,-76.8219,-77.51828,-76.69879
616,-78.0899,100,61600,126.60581016540527,-77.020065,-77.604416,-76.75785
617,-73.79628,100,61700,126.79364514350891,-77.03648,-77.3342,-76.790504
618,-76.27574,100,61800,126.97388410568237,-76.951195,-77.41194,-76.88354
619,-72.364456,100,61900,127.15443682670593,-76.7935,-77.439606,-76.855576
620,-74.42633,100,62000,127.35304760932922,-76.14165,-77.39577,-76.91672
621,-79.80284,100,62100,127.61264204978943,-76.01552,-77.49575,-76.98083
622,-74.45395,100,62200,127.7947461605072,-75.16068,-77.19414,-77.005684
623,-75.50836,100,62300,127.97370409965515,-74.84437,-76.81863,-76.97963
624,-71.829605,100,62400,128.15958428382874,-74.80213,-76.627106,-76.978
625,-79.0366,100,62500,128.3400468826294,-75.5584,-76.344505,-76.997795
626,-78.74084,100,62600,128.5986316204071,-75.6235,-76.12935,-77.03826
627,-75.196785,100,62700,128.79484367370605,-75.76355,-76.04875,-77.01204
628,-73.16104,100,62800,128.98796916007996,-75.45207,-75.77616,-76.95796
629,-87.64617,100,62900,129.18807411193848,-76.980255,-75.76311,-77.04741
630,-76.54913,100,63000,129.3837375640869,-77.19253,-75.721245,-77.04998
631,-78.82931,100,63100,129.64580512046814,-77.09518,-75.780975,-77.11163
632,-73.15985,100,63200,129.82538223266602,-76.965775,-75.73848,-77.0814
633,-81.63901,100,63300,130.00645542144775,-77.578835,-75.93259,-77.170555
634,-73.26284,100,63400,130.19578456878662,-77.72215,-75.76345,-77.13166
635,-76.4749,100,63500,130.3789312839508,-77.46599,-75.82124,-77.18106
636,-73.89554,100,63600,130.6393973827362,-76.98146,-75.83098,-77.0578
637,-76.50832,100,63700,130.830664396286,-77.11261,-75.87639,-77.05394
638,-77.43189,100,63800,131.0171446800232,-77.539696,-76.02149,-77.08349
639,-78.92833,100,63900,131.20605540275574,-76.667915,-76.16904,-77.11871
640,-76.68948,100,64000,131.3829641342163,-76.681946,-76.25778,-77.078766
641,-70.74726,100,64100,131.6408543586731,-75.87373,-76.25497,-76.92934
642,-76.1218,100,64200,131.82105374336243,-76.16994,-76.340195,-76.94319
643,-72.20891,100,64300,132.0028383731842,-75.22694,-76.25473,-76.87405
644,-76.57584,100,64400,132.18341183662415,-75.558235,-76.27869,-76.893654
645,-77.773094,100,64500,132.36384224891663,-75.68805,-76.282234,-76.807365
646,-82.02448,100,64600,132.62325429916382,-76.50094,-76.39146,-76.83974
647,-81.9576,100,64700,132.8064112663269,-77.04587,-76.60127,-76.93283
648,-77.33268,100,64800,132.98993182182312,-77.03595,-76.59382,-76.947556
649,-78.02047,100,64900,133.1741442680359,-76.94517,-76.6909,-76.923454
650,-81.11432,100,65000,133.35492086410522,-77.38765,-76.82083,-76.95674
651,-71.123695,100,65100,133.62571454048157,-77.42529,-76.81363,-76.90671
652,-74.77567,100,65200,133.80926299095154,-77.29069,-76.78328,-76.880936
653,-77.67797,100,65300,133.99051427841187,-77.837585,-76.63357,-76.85011
654,-75.02605,100,65400,134.18348789215088,-77.68261,-76.66477,-76.76319
655,-77.912605,100,65500,134.36336851119995,-77.69655,-76.64618,-76.80184
656,-71.32932,100,65600,134.62407898902893,-76.62704,-76.5506,-76.76645
657,-73.94281,100,65700,134.8112235069275,-75.82556,-76.556816,-76.718796
658,-77.25641,100,65800,135.00256419181824,-75.81793,-76.55937,-76.76475
659,-77.98175,100,65900,135.18325543403625,-75.814064,-76.64018,-76.83868
660,-75.96012,100,66000,135.365088224411,-75.298645,-76.54048,-76.85737
661,-75.89577,100,66100,135.63478636741638,-75.77585,-76.43712,-76.89027
662,-78.83263,100,66200,135.81591892242432,-76.18154,-76.353714,-76.98392
663,-78.09932,100,66300,135.9943220615387,-76.22368,-76.34228,-77.01815
664,-76.867325,100,66400,136.17307496070862,-76.40781,-76.434586,-77.01021
665,-82.407486,100,66500,136.35421442985535,-76.857285,-76.65326,-77.08577
666,-77.07987,100,66600,136.6159107685089,-77.43235,-76.63306,-77.118744
667,-79.15705,100,66700,136.80668425559998,-77.95377,-76.74027,-77.03724
668,-74.64411,100,66800,136.9860384464264,-77.69254,-76.707634,-77.05979
669,-74.42301,100,66900,137.17563843727112,-77.33667,-76.74881,-77.094215
670,-80.83137,100,67000,137.35886096954346,-77.82379,-76.876915,-77.136345
671,-73.12745,100,67100,137.6213777065277,-77.54696,-76.7434,-77.11958
672,-76.130745,100,67200,137.80685782432556,-77.27677,-76.77695,-76.98554
673,-78.21221,100,67300,137.98835062980652,-77.28806,-76.831024,-76.82483
674,-77.35368,100,67400,138.16907405853271,-77.3367,-76.9415,-76.78431
675,-84.516335,100,67500,138.35340189933777,-77.54759,-77.051094,-76.6978
676,-77.390495,100,67600,138.61922693252563,-77.57865,-77.02408,-76.57672
677,-79.18241,100,67700,138.80424904823303,-77.581184,-77.10379,-76.57627
678,-75.117096,100,67800,138.98539805412292,-77.62848,-77.14292,-76.45955
679,-70.85762,100,67900,139.1878204345703,-77.27194,-76.80715,-76.28513
680,-74.57895,100,68000,139.3849573135376,-76.64669,-76.767746,-76.2445
681,-76.82405,100,68100,139.6586389541626,-77.016365,-76.72763,-76.25431
682,-68.98612,100,68200,139.843891620636,-76.301895,-76.64416,-76.19133
683,-81.8506,100,68300,140.02351903915405,-76.66574,-76.64839,-76.290504
684,-78.70763,100,68400,140.2067356109619,-76.80113,-76.75729,-76.260376
685,-79.87166,100,68500,140.38929080963135,-76.33666,-76.82522,-76.323235
686,-76.4138,100,68600,140.66270112991333,-76.239,-76.87559,-76.35329
687,-75.64252,100,68700,140.8600730895996,-75.885,-76.85828,-76.36733
688,-83.10846,100,68800,141.04351043701172,-76.68414,-76.97181,-76.49665
689,-82.25856,100,68900,141.23070645332336,-77.824234,-77.038414,-76.60373
690,-79.719284,100,69000,141.42617654800415,-78.33827,-77.09901,-76.678406
691,-70.8743,100,69100,141.70656514167786,-77.7433,-77.10155,-76.67826
692,-75.53301,100,69200,141.89759850502014,-78.39798,-77.089775,-76.71499
693,-75.31809,100,69300,142.0825924873352,-77.744736,-77.151955,-76.70335
694,-78.09018,100,69400,142.27280831336975,-77.683,-77.18224,-76.73046
695,-74.44119,100,69500,142.46873497962952,-77.13994,-77.1156,-76.69893
696,-78.13416,100,69600,142.75222063064575,-77.31197,-77.0378,-76.71463
697,-73.444565,100,69700,142.95680904388428,-77.09218,-76.86754,-76.734406
698,-74.28099,100,69800,143.14579367637634,-76.209435,-76.8065,-76.700165
699,-72.57619,100,69900,143.334237575531,-75.241196,-76.69762,-76.69426
700,-73.537056,100,70000,143.52685236930847,-74.62297,-76.546074,-76.68345
701,-90.42894,100,70100,143.80157828330994,-76.57844,-76.93218,-76.8729
702,-79.97946,100,70200,143.98270225524902,-77.02309,-77.036255,-76.90977
703,-75.82818,100,70300,144.16331934928894,-77.07409,-76.99926,-76.81641
704,-72.49394,100,70400,144.34922575950623,-76.51447,-76.948616,-76.806694
705,-77.66816,100,70500,144.53706526756287,-76.83717,-76.94373,-76.79495
706,-80.83094,100,70600,144.82314085960388,-77.10684,-77.133766,-76.842186
707,-90.51899,100,70700,145.01858258247375,-78.814285,-77.46529,-77.01105
708,-79.292816,100,70800,145.20081281661987,-79.31547,-77.50601,-77.03269
709,-79.978325,100,70900,145.39956068992615,-80.05568,-77.545944,-77.09306
710,-75.28069,100,71000,145.58131170272827,-80.23005,-77.53236,-77.03642
711,-78.26733,100,71100,145.85267663002014,-79.013885,-77.57979,-77.00845
712,-81.92779,100,71200,146.04523944854736,-79.20872,-77.64169,-76.9977
713,-76.232315,100,71300,146.23605465888977,-79.24913,-77.604355,-76.97331
714,-81.67801,100,71400,146.42165541648865,-80.16753,-77.70057,-77.06758
715,-79.95394,100,71500,146.61267113685608,-80.39611,-77.6515,-77.152374
716,-76.51381,100,71600,146.88572645187378,-79.9644,-77.640175,-77.13662
717,-84.46311,100,71700,147.0662157535553,-79.35881,-77.7463,-77.243286
718,-78.95733,100,71800,147.24557876586914,-79.325264,-77.83256,-77.2701
719,-72.963036,100,71900,147.43719100952148,-78.62373,-77.80336,-77.276085
720,-74.79849,100,72000,147.62752652168274,-78.575516,-77.68271,-77.27981
721,-79.28938,100,72100,147.91100358963013,-78.67772,-77.80594,-77.27467
722,-88.931725,100,72200,148.0980100631714,-79.37811,-78.06195,-77.41945
723,-81.59819,100,72300,148.31221508979797,-79.9147,-78.12967,-77.48035
724,-78.44975,100,72400,148.5076208114624,-79.59188,-78.151596,-77.54655
725,-80.517975,100,72500,148.69808650016785,-79.64828,-78.07163,-77.56136
726,-76.133736,100,72600,148.96708798408508,-79.610275,-78.0465,-77.53529
727,-77.1178,100,72700,149.15575504302979,-78.87574,-78.0052,-77.554504
728,-80.615746,100,72800,149.34157371520996,-79.04158,-78.11517,-77.62905
729,-79.06095,100,72900,149.53820276260376,-79.651375,-78.27925,-77.5432
730,-70.07592,100,73000,149.75054121017456,-79.17912,-78.189186,-77.47846
731,-75.26384,100,73100,150.05084419250488,-78.776566,-78.15798,-77.44281
732,-78.297325,100,73200,150.2418909072876,-77.71312,-78.34421,-77.49418
733,-78.58208,100,73300,150.43023133277893,-77.411514,-78.27883,-77.46361
734,-89.700264,100,73400,150.63959574699402,-78.53656,-78.49869,-77.62798
735,-79.49217,100,73500,150.8419075012207,-78.433975,-78.4911,-77.65816
736,-76.31782,100,73600,151.1087567806244,-78.45239,-78.48918,-77.68238
737,-76.82379,100,73700,151.3091013431549,-78.42299,-78.5128,-77.68554
738,-75.79975,100,73800,151.51104736328125,-77.94139,-78.36663,-77.66921
739,-75.96744,100,73900,151.72077775001526,-77.63204,-78.240814,-77.6396
740,-79.806625,100,74000,151.92466807365417,-78.60512,-78.24255,-77.670784
741,-80.44378,100,74100,152.19560599327087,-79.1231,-78.433945,-77.767746
742,-77.68861,100,74200,152.37573790550232,-79.06223,-78.47706,-77.78341
743,-76.64825,100,74300,152.55507349967957,-78.86885,-78.50366,-77.827805
744,-68.65361,100,74400,152.75405883789062,-76.76418,-78.31492,-77.74859
745,-74.18993,100,74500,152.94577741622925,-76.23396,-78.3099,-77.71275
746,-74.11917,100,74600,153.22304892539978,-76.014084,-78.2296,-77.6337
747,-76.20911,100,74700,153.41180872917175,-75.95262,-78.28489,-77.57622
748,-76.85598,100,74800,153.60454630851746,-76.05824,-78.33639,-77.57144
749,-77.322235,100,74900,153.816570520401,-76.193726,-78.431305,-77.56446
750,-73.49446,100,75000,154.00233507156372,-75.562515,-78.430466,-77.488266
751,-74.34634,100,75100,154.26910018920898,-74.95277,-78.10881,-77.52049
752,-73.41023,100,75200,154.46167278289795,-74.524925,-77.977425,-77.506836
753,-79.21772,100,75300,154.6746211051941,-74.781876,-78.04521,-77.52224
754,-76.3984,100,75400,154.87520122528076,-75.55635,-78.123314,-77.53596
755,-70.64291,100,75500,155.08360767364502,-75.201645,-77.982796,-77.463264
756,-77.4907,100,75600,155.3720703125,-75.5388,-77.91599,-77.52488
757,-75.47755,100,75700,155.57179737091064,-75.46565,-77.615166,-77.54022
758,-74.93164,100,75800,155.76717925071716,-75.27322,-77.52794,-77.516975
759,-82.45494,100,75900,155.9561252593994,-75.78648,-77.57747,-77.561714
760,-76.0974,100,76000,156.16281962394714,-76.04678,-77.5938,-77.56308
761,-76.46819,100,76100,156.45603680610657,-76.258965,-77.55783,-77.5688
762,-73.12849,100,76200,156.6578402519226,-76.23079,-77.381836,-77.511765
763,-85.46237,100,76300,156.8442780971527,-76.85525,-77.56644,-77.58539
764,-80.02405,100,76400,157.03004026412964,-77.21782,-77.533356,-77.61697
765,-74.5011,100,76500,157.20771169662476,-77.60364,-77.42429,-77.537895
766,-88.229004,100,76600,157.4884114265442,-78.677475,-77.6586,-77.64939
767,-85.66715,100,76700,157.69152975082397,-79.69643,-77.68269,-77.714485
768,-87.11243,100,76800,157.87817811965942,-80.91451,-77.845795,-77.83917
769,-87.03576,100,76900,158.06161737442017,-81.3726,-78.12724,-77.965294
770,-84.67431,100,77000,158.2408902645111,-82.230286,-78.32475,-78.00372
771,-75.44468,100,77100,158.513108253479,-82.12794,-78.24786,-78.0269
772,-80.9423,100,77200,158.69911313056946,-82.90932,-78.08808,-78.07502
773,-80.541405,100,77300,158.87748670578003,-82.41722,-78.06695,-78.09831
774,-81.11914,100,77400,159.06548762321472,-82.52672,-78.12033,-78.13596
775,-87.24091,100,77500,159.24598717689514,-83.800705,-78.25479,-78.163216
776,-73.3418,100,77600,159.51626253128052,-82.31199,-78.19895,-78.12273
777,-79.394356,100,77700,159.70232605934143,-81.68471,-78.24448,-78.12485
778,-74.0113,100,77800,159.88226652145386,-80.374596,-78.11239,-78.113785
779,-78.55969,100,77900,160.0672504901886,-79.526985,-78.10236,-78.1908
780,-77.07567,100,78000,160.24933886528015,-78.76713,-78.24236,-78.215775
781,-72.33391,100,78100,160.52225041389465,-78.45605,-78.18377,-78.17087
782,-82.55962,100,78200,160.7112922668457,-78.61778,-78.26901,-78.30661
783,-75.11399,100,78300,160.89203596115112,-78.07504,-78.199646,-78.239235
784,-75.34503,100,78400,161.08018493652344,-77.49763,-77.912544,-78.20561
785,-72.89202,100,78500,161.25901103019714,-76.06274,-77.78054,-78.13582
786,-71.099174,100,78600,161.52746772766113,-75.83848,-77.67617,-78.08267
787,-74.99996,100,78700,161.71492195129395,-75.39903,-77.639694,-78.07625
788,-74.52948,100,78800,161.900408744812,-75.45085,-77.61429,-77.990456
789,-73.65804,100,78900,162.0863118171692,-74.960686,-77.56809,-77.90445
790,-75.74146,100,79000,162.26734066009521,-74.82726,-77.48679,-77.86468
791,-78.48938,100,79100,162.53211331367493,-75.442825,-77.44771,-77.94083
792,-71.82603,100,79200,162.7113959789276,-74.36946,-77.33045,-77.90376
793,-78.9146,100,79300,162.89795589447021,-74.74952,-77.37578,-77.93972
794,-77.75886,100,79400,163.07900071144104,-74.9909,-77.557884,-77.93641
795,-80.3254,100,79500,163.25901103019714,-75.73424,-77.680595,-77.99525
796,-87.23971,100,79600,163.52504420280457,-77.34829,-77.94301,-78.0863
797,-79.2584,100,79700,163.71640610694885,-77.77414,-78.00399,-78.14444
798,-82.955734,100,79800,163.8985104560852,-78.61677,-78.125984,-78.231186
799,-79.995186,100,79900,164.08435583114624,-79.25047,-78.17945,-78.305374
800,-76.04607,100,80000,164.26153945922852,-79.28093,-78.23048,-78.33047
801,-77.93967,100,80100,164.54224157333374,-79.22597,-78.302345,-78.205574
802,-76.1933,100,80200,164.72224760055542,-79.662704,-78.35801,-78.16772
803,-80.025314,100,80300,164.9083433151245,-79.773766,-78.37416,-78.20969
804,-75.202896,100,80400,165.09609198570251,-79.51817,-78.35025,-78.236786
805,-78.41175,100,80500,165.27941155433655,-79.3268,-78.50562,-78.24422
806,-80.12263,100,80600,165.5469868183136,-78.6151,-78.558266,-78.23714
807,-81.53728,100,80700,165.72832345962524,-78.84298,-78.67946,-78.147316
808,-82.3636,100,80800,165.90831017494202,-78.78377,-78.828094,-78.178024
809,-77.26364,100,80900,166.09718561172485,-78.510605,-78.72427,-78.15087
810,-75.64526,100,81000,166.28346800804138,-78.470535,-78.71523,-78.15452
811,-79.714554,100,81100,166.550550699234,-78.648026,-78.78016,-78.16899
812,-74.06487,100,81200,166.74630570411682,-78.43518,-78.79889,-78.09036
813,-81.40674,100,81300,166.92683672904968,-78.57332,-78.71777,-78.142105
814,-75.740585,100,81400,167.11780381202698,-78.62709,-78.6321,-78.08273
815,-78.36001,100,81500,167.29853129386902,-78.62192,-78.709274,-78.066795
816,-82.1466,100,81600,167.57053923606873,-78.82432,-78.58763,-78.12312
817,-73.38708,100,81700,167.75491952896118,-78.00929,-78.342026,-78.01236
818,-82.955765,100,81800,167.94053173065186,-78.06851,-78.258896,-78.05234
819,-72.48518,100,81900,168.1276581287384,-77.59066,-77.96789,-78.04757
820,-80.64943,100,82000,168.30637454986572,-78.09108,-77.88739,-78.10607
821,-71.14576,100,82100,168.56599044799805,-77.2342,-77.801414,-78.02464
822,-74.41006,100,82200,168.74730229377747,-77.268715,-77.67077,-77.879425
823,-79.768524,100,82300,168.92626762390137,-77.1049,-77.655304,-77.86113
824,-76.678246,100,82400,169.11616158485413,-77.198654,-77.56649,-77.843414
825,-79.752846,100,82500,169.29577946662903,-77.337944,-77.416725,-77.83576
826,-76.529396,100,82600,169.5685214996338,-76.77623,-77.48048,-77.839714
827,-80.453766,100,82700,169.7758526802063,-77.482895,-77.50166,-77.87308
828,-84.514885,100,82800,169.97345113754272,-77.63881,-77.71174,-77.91206
829,-77.68326,100,82900,170.15790343284607,-78.158615,-77.69421,-77.898285
830,-69.927605,100,83000,170.3466248512268,-77.08644,-77.55125,-77.896805
831,-77.09059,100,83100,170.6146445274353,-77.68092,-77.646385,-77.91507
832,-76.52679,100,83200,170.79345059394836,-77.89259,-77.52573,-77.89737
833,-78.812065,100,83300,170.9714012145996,-77.79695,-77.599686,-77.89968
834,-79.51339,100,83400,171.15475583076477,-78.08046,-77.68305,-77.7978
835,-74.885284,100,83500,171.33671307563782,-77.593704,-77.72292,-77.75173
836,-70.450424,100,83600,171.59331583976746,-76.9858,-77.709946,-77.693054
837,-76.294,100,83700,171.78098511695862,-76.56983,-77.735825,-77.68775
838,-77.875885,100,83800,171.96708250045776,-75.90593,-77.80276,-77.70852
839,-71.16928,100,83900,172.146000623703,-75.25453,-77.75298,-77.660545
840,-77.1304,100,84000,172.3257806301117,-75.97481,-77.780754,-77.63378
841,-76.26616,100,84100,172.5860207080841,-75.892365,-77.7363,-77.591995
842,-78.080536,100,84200,172.76606392860413,-76.047745,-77.86139,-77.59592
843,-76.068924,100,84300,172.94501495361328,-75.77343,-77.804474,-77.590126
844,-76.11439,100,84400,173.12541604042053,-75.433525,-77.77158,-77.664734
845,-76.337326,100,84500,173.30578756332397,-75.57873,-77.691826,-77.6862
846,-80.19405,100,84600,173.56566452980042,-76.5531,-77.55091,-77.74695
847,-83.20037,100,84700,173.75048685073853,-77.24373,-77.62975,-77.816864
848,-73.657936,100,84800,173.93207240104675,-76.821945,-77.4438,-77.78488
849,-74.12856,100,84900,174.11703491210938,-77.11787,-77.32646,-77.752945
850,-75.429985,100,85000,174.29671597480774,-76.94782,-77.31414,-77.7723
851,-76.5855,100,85100,174.55583500862122,-76.97976,-77.287056,-77.7947
852,-83.904045,100,85200,174.73745369911194,-77.56212,-77.44128,-77.899635
853,-76.57699,100,85300,174.92832612991333,-77.612915,-77.37231,-77.87323
854,-77.99993,100,85400,175.1075668334961,-77.80147,-77.428246,-77.889244
855,-81.93235,100,85500,175.29053568840027,-78.36098,-77.49866,-78.00214
856,-78.253105,100,85600,175.55426049232483,-78.166885,-77.46127,-78.00976
857,-86.58856,100,85700,175.7394323348999,-78.5057,-77.562294,-78.12087
858,-78.87478,100,85800,175.92491507530212,-79.02738,-77.492516,-78.1603
859,-84.95746,100,85900,176.10292506217957,-80.110275,-77.64639,-78.18533
860,-80.429085,100,86000,176.28881549835205,-80.61018,-77.74207,-78.22865
861,-82.65036,100,86100,176.5512557029724,-81.216675,-77.80079,-78.290474
862,-76.59104,100,86200,176.72903871536255,-80.485374,-77.85131,-78.325096
863,-70.96305,100,86300,176.91463375091553,-79.92398,-77.64243,-78.1801
864,-82.7907,100,86400,177.09262204170227,-80.40305,-77.78344,-78.20776
865,-78.349686,100,86500,177.2780556678772,-80.044785,-77.783226,-78.24625
866,-77.87305,100,86600,177.53911328315735,-80.006775,-77.69776,-78.14269
867,-76.26667,100,86700,177.72830438613892,-78.97459,-77.75535,-78.04868
868,-73.86094,100,86800,177.91043257713318,-78.473206,-77.57345,-77.91617
869,-84.663,100,86900,178.0888442993164,-78.44376,-77.81701,-77.89245
870,-83.5852,100,87000,178.27097296714783,-78.75937,-77.875725,-77.88155
871,-79.603714,100,87100,178.5294463634491,-78.4547,-78.04488,-77.92314
872,-71.98404,100,87200,178.71208572387695,-77.994,-77.99637,-77.83356
873,-72.74059,100,87300,178.89015364646912,-78.17175,-77.855804,-77.755554
874,-76.13632,100,87400,179.07356429100037,-77.506325,-77.84496,-77.70573
875,-80.07555,100,87500,179.25879573822021,-77.67891,-77.85141,-77.63407
876,-74.08017,100,87600,179.51799988746643,-77.29962,-77.80243,-77.64146
877,-82.933,100,87700,179.70361018180847,-77.96625,-77.85202,-77.67684
878,-76.6795,100,87800,179.8860342502594,-78.24811,-77.69532,-77.70352
879,-78.09758,100,87900,180.08689379692078,-77.59157,-77.7036,-77.698906
880,-80.20185,100,88000,180.28375506401062,-77.25323,-77.90909,-77.73016
881,-79.51019,100,88100,180.55291390419006,-77.24388,-77.95747,-77.80193
882,-81.36391,100,88200,180.73559069633484,-78.18187,-78.05422,-77.78997
883,-81.72448,100,88300,180.91908478736877,-79.080246,-78.112465,-77.85608
884,-72.72713,100,88400,181.0981147289276,-78.739334,-77.97673,-77.829895
885,-74.83839,100,88500,181.2837519645691,-78.215614,-77.9758,-77.84936
886,-72.3622,100,88600,181.5504434108734,-78.043816,-78.014046,-77.86199
887,-75.25747,100,88700,181.7410843372345,-77.27626,-77.99332,-77.86457
888,-77.29311,100,88800,181.9289951324463,-77.33762,-77.98166,-77.892204
889,-77.67305,100,88900,182.1282021999359,-77.29517,-78.111725,-77.93235
890,-78.14257,100,89000,182.32620668411255,-77.08925,-78.13197,-77.95636
891,-78.58019,100,89100,182.5960717201233,-76.996254,-78.17825,-77.95727
892,-78.284615,100,89200,182.77432012557983,-76.688324,-78.182335,-78.02186
893,-77.27955,100,89300,182.96250081062317,-76.24382,-78.20655,-78.00551
894,-72.15712,100,89400,183.15656161308289,-76.18682,-78.1274,-77.94949
895,-77.54599,100,89500,183.3497829437256,-76.45758,-78.15157,-77.92171
896,-82.326706,100,89600,183.62770247459412,-77.45405,-78.19423,-77.87257
897,-79.722725,100,89700,183.82356572151184,-77.90056,-78.12467,-77.87721
898,-76.14537,100,89800,184.014976978302,-77.78579,-78.174416,-77.809105
899,-74.27871,100,89900,184.20811915397644,-77.44636,-78.17743,-77.751945
900,-81.12288,100,90000,184.39084887504578,-77.74438,-78.29128,-77.80271
901,-75.77744,100,90100,184.66253280639648,-77.46411,-78.27512,-77.78109
902,-75.749275,100,90200,184.8455970287323,-77.21059,-78.11203,-77.77665
903,-73.34718,100,90300,185.02828645706177,-76.81734,-78.04743,-77.70987
904,-74.413124,100,90400,185.2148401737213,-77.04294,-77.97569,-77.701965
905,-78.74538,100,90500,185.39623475074768,-77.16289,-77.91196,-77.70531
906,-78.008865,100,90600,185.66326570510864,-76.731094,-77.90707,-77.684166
907,-75.71565,100,90700,185.8550148010254,-76.33038,-77.689606,-77.62595
908,-79.18792,100,90800,186.04233288764954,-76.63464,-77.69588,-77.5942
909,-84.571915,100,90900,186.23767042160034,-77.66396,-77.68817,-77.667274
910,-81.47261,100,91000,186.42539501190186,-77.69893,-77.70904,-77.725555
911,-79.9825,100,91100,186.683176279068,-78.11944,-77.65567,-77.728226
912,-75.09518,100,91200,186.86789083480835,-78.05403,-77.62576,-77.73853
913,-79.881226,100,91300,187.0492925643921,-78.707436,-77.80412,-77.72328
914,-78.14515,100,91400,187.23379063606262,-79.08064,-77.71121,-77.74732
915,-76.01638,100,91500,187.42095565795898,-78.80774,-77.66455,-77.72389
916,-77.40123,100,91600,187.68985223770142,-78.74697,-77.655106,-77.67644
917,-77.28879,100,91700,187.88420152664185,-78.9043,-77.67555,-77.71545
918,-72.59951,100,91800,188.070867061615,-78.245445,-77.65033,-77.61189
919,-72.80171,100,91900,188.26171255111694,-77.06843,-77.4131,-77.61505
920,-77.93647,100,92000,188.4525785446167,-76.714806,-77.300125,-77.58792
921,-76.10548,100,92100,188.72563886642456,-76.32711,-77.23016,-77.63752
922,-73.52631,100,92200,188.92017817497253,-76.17022,-77.26101,-77.628685
923,-81.403275,100,92300,189.11210227012634,-76.32243,-77.43426,-77.64503
924,-78.18435,100,92400,189.30712985992432,-76.32635,-77.47522,-77.660095
925,-82.07914,100,92500,189.49700951576233,-76.93263,-77.51529,-77.68336
926,-77.50887,100,92600,189.75794005393982,-76.9434,-77.583855,-77.693146
927,-73.25403,100,92700,189.9504361152649,-76.53991,-77.39028,-77.62115
928,-84.0469,100,92800,190.1366183757782,-77.684654,-77.53763,-77.61646
929,-80.981674,100,92900,190.3348250389099,-78.50265,-77.595314,-77.649445
930,-78.34199,100,93000,190.52482557296753,-78.543205,-77.55812,-77.7336
931,-76.89504,100,93100,190.7953245639801,-78.622154,-77.50581,-77.731636
932,-81.50569,100,93200,190.97946119308472,-79.42009,-77.508644,-77.78143
933,-72.39039,100,93300,191.16322350502014,-78.51881,-77.32196,-77.71721
934,-72.331436,100,93400,191.34812569618225,-77.93352,-77.31406,-77.6454
935,-78.965866,100,93500,191.54132747650146,-77.622185,-77.39661,-77.6862
936,-78.95967,100,93600,191.8033788204193,-77.76727,-77.52856,-77.77129
937,-74.71051,100,93700,191.9872944355011,-77.91292,-77.51761,-77.755455
938,-78.05906,100,93800,192.17605328559875,-77.31413,-77.53293,-77.75729
939,-71.46601,100,93900,192.36223340034485,-76.362564,-77.40879,-77.760254
940,-70.67117,100,94000,192.5459167957306,-75.59548,-77.25937,-77.69566
941,-79.305214,100,94100,192.81027841567993,-75.8365,-77.273865,-77.72605
942,-80.60204,100,94200,192.99579429626465,-75.74614,-77.32021,-77.751274
943,-83.45785,100,94300,193.180513381958,-76.85288,-77.44377,-77.825165
944,-79.36244,100,94400,193.36070704460144,-77.55598,-77.58788,-77.857635
945,-76.13046,100,94500,193.54929780960083,-77.27244,-77.55958,-77.85557
946,-75.53097,100,94600,193.81026244163513,-76.92957,-77.42366,-77.80894
947,-73.43345,100,94700,193.99068212509155,-76.801865,-77.297874,-77.71127
948,-84.53024,100,94800,194.17568397521973,-77.44899,-77.46557,-77.81999
949,-81.733086,100,94900,194.365948677063,-78.47569,-77.61466,-77.896034
950,-75.127075,100,95000,194.54623007774353,-78.92128,-77.49474,-77.89301
951,-87.04185,100,95100,194.80433082580566,-79.69495,-77.72003,-77.997574
952,-80.51853,100,95200,194.99143242835999,-79.6866,-77.815414,-77.96372
953,-77.71096,100,95300,195.17237782478333,-79.11191,-77.90269,-77.97506
954,-74.82799,100,95400,195.36253833770752,-78.65846,-77.91099,-77.943344
955,-80.859436,100,95500,195.54640102386475,-79.13136,-77.95327,-77.93262
956,-79.6346,100,95600,195.81449842453003,-79.54172,-77.98578,-77.946434
957,-75.79794,100,95700,196.00267672538757,-79.778175,-77.98743,-77.838524
958,-80.58853,100,95800,196.1810917854309,-79.383995,-78.01544,-77.85566
959,-75.67843,100,95900,196.3702630996704,-78.778534,-77.83757,-77.76286
960,-74.37933,100,96000,196.55275917053223,-78.70375,-77.69571,-77.70237
961,-74.7234,100,96100,196.82368755340576,-77.47192,-77.59052,-77.6231
962,-73.90669,100,96200,197.01750540733337,-76.81072,-77.56676,-77.59625
963,-74.705795,100,96300,197.20124554634094,-76.51021,-77.46325,-77.63369
964,-76.05178,100,96400,197.38503170013428,-76.63259,-77.42138,-77.56629
965,-77.48429,100,96500,197.56889176368713,-76.29508,-77.45074,-77.55764
966,-74.57963,100,96600,197.83448028564453,-75.78959,-77.39431,-77.524704
967,-79.852646,100,96700,198.0259246826172,-76.19505,-77.44558,-77.56056
968,-80.73603,100,96800,198.21069931983948,-76.2098,-77.60831,-77.62932
969,-80.39189,100,96900,198.3933629989624,-76.68115,-77.76012,-77.5866
970,-75.66775,100,97000,198.5849266052246,-76.80999,-77.714745,-77.50744
971,-75.38348,100,97100,198.84634590148926,-76.87599,-77.7003,-77.46523
972,-78.469795,100,97200,199.0348470211029,-77.332306,-77.79917,-77.53009
973,-73.97157,100,97300,199.21743035316467,-77.25888,-77.650536,-77.5424
974,-76.12379,100,97400,199.40136814117432,-77.26608,-77.60933,-77.542274
975,-75.663124,100,97500,199.5841031074524,-77.08398,-77.481,-77.498146
976,-69.50528,100,97600,199.84848642349243,-76.57654,-77.32094,-77.45241
977,-74.33168,100,97700,200.03819346427917,-76.02444,-77.34249,-77.36639
978,-74.80947,100,97800,200.22052192687988,-75.43178,-77.157745,-77.34769
979,-74.39994,100,97900,200.40245485305786,-74.83259,-77.0261,-77.31071
980,-84.529594,100,98000,200.58484292030334,-75.71877,-77.14986,-77.35399
981,-79.72848,100,98100,200.84555172920227,-76.153275,-77.20653,-77.35617
982,-73.279205,100,98200,201.02590250968933,-75.63422,-77.042,-77.27533
983,-80.21662,100,98300,201.2105152606964,-76.25871,-77.19852,-77.26025
984,-77.319405,100,98400,201.39352345466614,-76.37828,-77.29828,-77.306175
985,-93.833176,100,98500,201.57431507110596,-78.19529,-77.59563,-77.49612
986,-86.12684,100,98600,201.83861231803894,-79.85744,-77.73897,-77.633766
987,-87.39439,100,98700,202.02948999404907,-81.16371,-77.992645,-77.755135
988,-81.380455,100,98800,202.21547412872314,-81.82081,-78.05907,-77.79601
989,-91.04131,100,98900,202.39581656455994,-83.48495,-78.450584,-77.929695
990,-84.808914,100,99000,202.57772421836853,-83.51288,-78.73333,-77.99636
991,-76.814964,100,99100,202.84072637557983,-83.22153,-78.68353,-77.9787
992,-83.909645,100,99200,203.0264823436737,-84.28457,-78.74968,-78.03495
993,-74.71366,100,99300,203.21511435508728,-83.73428,-78.5748,-78.00929
994,-76.382256,100,99400,203.39901685714722,-83.640564,-78.5152,-78.051544
995,-83.07044,100,99500,203.58104801177979,-82.564285,-78.654,-78.10679
996,-70.93638,100,99600,203.8456723690033,-81.04524,-78.5621,-77.99289
997,-73.18476,100,99700,204.03832817077637,-79.62428,-78.55713,-77.927505
998,-72.741646,100,99800,204.22646927833557,-78.76039,-78.321365,-77.89346
999,-83.84192,100,99900,204.41267776489258,-78.04046,-78.36353,-77.9891
1000,-83.57516,100,100000,204.59708786010742,-77.91708,-78.5325,-78.01362
