volume_1,volume_2,volume_3
-1.979107891,-2.204603863,-1.63015418
-1.852850869,-2.174643042,-1.564098052
-1.738232283,-2.168506169,-1.474727079
-1.725219107,-2.19927425,-1.444628375
-1.826668085,-2.257504391,-1.516523239
-1.964170136,-2.289419388,-1.614710526
-2.034071562,-2.262737955,-1.65435118
-1.997673754,-2.213165268,-1.638187489
-2.046970282,-2.145038906,-1.643061642
-1.940471218,-2.121291864,-1.609222713
-1.809553657,-2.105001094,-1.546131157
-1.678104965,-2.091557826,-1.451178837
-1.578494523,-2.086282827,-1.349519766
-1.535929336,-2.100386814,-1.280852426
-1.556729444,-2.138477615,-1.271848048
-1.634796295,-2.196885578,-1.328687329
-1.75849687,-2.264712215,-1.437127949
-1.903427483,-2.319473444,-1.558468411
-2.034014041,-2.338094413,-1.648828319
-2.121094605,-2.314716402,-1.689243842
-2.154160432,-2.262889539,-1.689933637
-2.137762052,-2.204879959,-1.672810889
-2.080238861,-2.158599086,-1.652293086
-2.084699391,-2.053196394,-1.614332208
-1.995076752,-2.038101127,-1.603417994
-1.883368588,-2.03015271,-1.57618519
-1.753956458,-2.021753074,-1.518761677
-1.620165079,-2.009783998,-1.427715705
-1.500461017,-1.996830377,-1.315248815
-1.41384901,-1.992052306,-1.207124385
-1.37164818,-2.004100635,-1.1277217
-1.371428866,-2.032315691,-1.087018733
-1.405603328,-2.072711892,-1.087286219
-1.469767131,-2.124118819,-1.130535934
-1.563661872,-2.187037992,-1.217449963
-1.686986154,-2.258520998,-1.341020383
-1.830437993,-2.325765205,-1.478640007
-1.974139643,-2.370431888,-1.598566311
-2.096886849,-2.380675083,-1.678245834
-2.184460052,-2.355574017,-1.712491467
-2.2324723,-2.303114241,-1.71014387
-2.244344243,-2.23614941,-1.686740009
-2.227013877,-2.168152533,-1.657660045
-2.18713659,-2.110217384,-1.63386711
-2.128613935,-2.069133273,-1.619615631
-2.088596944,-1.928356673,-1.546547821
-2.012999383,-1.920022854,-1.552176947
-1.920976843,-1.921005974,-1.551644237
-1.809736823,-1.92331637,-1.531008647
-1.682700887,-1.921358298,-1.479426102
-1.549796704,-1.91334062,-1.393918199
-1.42396604,-1.900748586,-1.282033702
-1.320371367,-1.890972565,-1.163205165
-1.252973471,-1.895082255,-1.060918185
-1.22304431,-1.914620756,-0.985425627
-1.221467463,-1.942643362,-0.935012224
-1.241719906,-1.975815527,-0.909703208
-1.281510454,-2.014733071,-0.91239984
-1.338992492,-2.060183425,-0.945376806
-1.412629725,-2.112728468,-1.00991488
-1.504080066,-2.17363022,-1.10689255
-1.618092567,-2.243736236,-1.234747155
-1.754123274,-2.317151474,-1.38165444
-1.899954799,-2.378911109,-1.52294546
-2.038040144,-2.414761176,-1.634509518
-2.153665398,-2.418278451,-1.704077101
-2.238241853,-2.390277215,-1.731337279
-2.28965736,-2.336641584,-1.724124391
-2.310689899,-2.266092433,-1.694185446
-2.306611137,-2.187945563,-1.653519351
-2.283174523,-2.110606113,-1.61220091
-2.245445986,-2.041091874,-1.577712786
-2.197217965,-1.985026166,-1.554910722
-2.140456499,-1.946236207,-1.545627323
-2.056787553,-1.771055399,-1.443705823
-1.991384971,-1.765434291,-1.459464653
-1.915878952,-1.772494518,-1.47719869
-1.824784067,-1.784782412,-1.485044398
-1.715467001,-1.795025951,-1.470552498
-1.591356762,-1.799209818,-1.424868516
-1.461028863,-1.796577342,-1.345579658
-1.334496146,-1.788013745,-1.238049234
-1.223956724,-1.779203998,-1.117956394
-1.144297997,-1.782242738,-1.008231481
-1.09973337,-1.80093485,-0.92034494
-1.07882089,-1.825218277,-0.84854185
-1.072350735,-1.849411736,-0.78969582
-1.080603318,-1.876413795,-0.748688283
-1.106598153,-1.909242829,-0.730138477
-1.151121791,-1.948277433,-0.735472915
-1.211843216,-1.992684366,-0.764461811
-1.284499691,-2.04200083,-0.817133103
-1.365311874,-2.096651075,-0.894428941
-1.454167931,-2.157266073,-0.997058727
-1.556852016,-2.224810921,-1.124719648
-1.680171814,-2.298907958,-1.273562095
-1.820706306,-2.370884592,-1.42823629
-1.964410789,-2.426091117,-1.565240979
-2.096188108,-2.454208674,-1.667108063
-2.205172178,-2.45192374,-1.727355923
-2.285700465,-2.420885992,-1.747933093
-2.336857144,-2.36602304,-1.736063629
-2.361126719,-2.294080213,-1.701424263
-2.362737359,-2.212104162,-1.653718452
-2.346284133,-2.126319669,-1.601150151
-2.315925742,-2.041753889,-1.549984848
-2.275150997,-1.962525977,-1.504885673
-2.226877608,-1.892396926,-1.46947864
-2.173530179,-1.835088835,-1.446638086
-2.116774141,-1.793981359,-1.438154357
-2.056787553,-1.771055399,-1.443705823
-1.989234886,-1.583226948,-1.310844608
-1.928601129,-1.574346304,-1.329671333
-1.864216236,-1.582062065,-1.357165788
-1.790384208,-1.60041664,-1.384257162
-1.701277104,-1.62150478,-1.399177858
-1.594580725,-1.638710212,-1.390554795
-1.47403974,-1.649253327,-1.350898783
-1.347688406,-1.653260597,-1.278360481
-1.223656304,-1.651208327,-1.177110634
-1.111532627,-1.647031996,-1.060128991
-1.026014135,-1.652736915,-0.949496858
-0.973731945,-1.674205495,-0.858252701
-0.940989799,-1.698683136,-0.777409639
-0.914150801,-1.717295843,-0.699697315
-0.893868451,-1.735525027,-0.631808126
-0.886679634,-1.759623813,-0.581720557
-0.897786676,-1.791184641,-0.552703859
-0.929721685,-1.829562682,-0.545096902
-0.982285312,-1.873395574,-0.557772835
-1.052513846,-1.920770899,-0.588623176
-1.135197,-1.969792064,-0.635547618
-1.224396331,-2.020138917,-0.698408492
-1.315628502,-2.074237816,-0.780398192
-1.407638266,-2.135098869,-0.885461084
-1.503982664,-2.202606929,-1.013318887
-1.613584355,-2.27561658,-1.160622698
-1.742534409,-2.351611869,-1.320460871
-1.884110815,-2.420200362,-1.47542284
-2.023971694,-2.468626238,-1.605039737
-2.149407275,-2.489867675,-1.697220422
-2.252171209,-2.482530431,-1.749024164
-2.328433187,-2.448746918,-1.763609426
-2.378044851,-2.392964544,-1.74780957
-2.403380641,-2.320895497,-1.710087697
-2.408084407,-2.238368466,-1.658743394
-2.396018751,-2.150390105,-1.60070525
-2.370587155,-2.060709859,-1.5410948
-2.334481479,-1.971935677,-1.483442245
-2.289785563,-1.886033573,-1.430261377
-2.238280339,-1.804960259,-1.383684176
-2.181766358,-1.73119037,-1.345927078
-2.122219185,-1.667933661,-1.319426814
-2.061606255,-1.618866042,-1.306524341
-2.001258137,-1.587268016,-1.308634387
-1.887552966,-1.368009602,-1.153535336
-1.824671382,-1.348298311,-1.167832923
-1.763896489,-1.348970693,-1.196129844
-1.700895352,-1.366405579,-1.232454095
-1.629145366,-1.393550973,-1.267091604
-1.542532991,-1.422120562,-1.288302493
-1.439052294,-1.446004473,-1.285447657
-1.322901225,-1.463464524,-1.252056399
-1.201964795,-1.475451681,-1.186850266
-1.082961948,-1.482112401,-1.093299131
-0.973004966,-1.485546313,-0.982192563
-0.885853007,-1.496812261,-0.874353839
-0.83020425,-1.523579519,-0.784385833
-0.790900422,-1.551223071,-0.70122529
-0.749703367,-1.567155892,-0.612861742
-0.70700688,-1.579207036,-0.526837826
-0.671310274,-1.596640773,-0.453780241
-0.649196712,-1.62111731,-0.397891034
-0.644985408,-1.651820612,-0.360541783
-0.661730647,-1.688777035,-0.342934239
-0.701168072,-1.73255258,-0.34583862
-0.763211416,-1.783043617,-0.36866618
-0.84544843,-1.838632179,-0.408970136
-0.942960963,-1.89609946,-0.462699951
-1.048877415,-1.951609142,-0.525478999
-1.156004605,-2.003019909,-0.595184836
-1.259368496,-2.052888569,-0.675217932
-1.35811293,-2.108580813,-0.774583938
-1.454894359,-2.1749891,-0.899519028
-1.555855527,-2.248769775,-1.045801
-1.670801961,-2.325840604,-1.206000719
-1.803245334,-2.401734924,-1.370519727
-1.943878384,-2.465674032,-1.521610683
-2.079107985,-2.507449105,-1.642627392
-2.198373506,-2.522582889,-1.725623788
-2.295359021,-2.510912697,-1.769919194
-2.367510333,-2.474880764,-1.779368783
-2.415221584,-2.41867506,-1.760527768
-2.440839368,-2.347421126,-1.721080452
-2.447674382,-2.266257776,-1.668427205
-2.439163134,-2.179530455,-1.608684559
-2.418277756,-2.090336537,-1.546257394
-2.38723986,-2.000496331,-1.483931032
-2.347521877,-1.910866243,-1.423296894
-2.300057005,-1.821840162,-1.36530814
-2.245560533,-1.733897494,-1.310815942
-2.18487735,-1.648098456,-1.261000017
-2.119280236,-1.566452152,-1.217641033
-2.05063198,-1.492073975,-1.183181322
-1.981298738,-1.429020097,-1.160500219
-1.91369708,-1.381678389,-1.152323319
-1.754632561,-1.129313654,-0.977341427
-1.681227242,-1.090093669,-0.979321376
-1.614721713,-1.074218322,-0.999136545
-1.553122794,-1.080977898,-1.033973511
-1.491185485,-1.105568643,-1.077032367
-1.421570083,-1.139904885,-1.117987023
-1.337827309,-1.175275701,-1.145003443
-1.238217028,-1.205953597,-1.147938962
-1.127474185,-1.231153995,-1.121157359
-1.013545816,-1.252651998,-1.063986929
-0.901941542,-1.270288894,-0.979481727
-0.797300573,-1.284208416,-0.876511078
-0.711912445,-1.303834592,-0.774235838
-0.656219096,-1.338199566,-0.688546842
-0.61438649,-1.37158831,-0.607389181
-0.563804752,-1.387381181,-0.513804009
-0.505052454,-1.395730437,-0.415435669
-0.448952998,-1.409498666,-0.32537154
-0.402272947,-1.429620255,-0.247763479
-0.368624146,-1.453211112,-0.183296997
-0.351063903,-1.479605066,-0.133816898
-0.352522955,-1.510440269,-0.102261346
-0.375502988,-1.548174692,-0.09138998
-0.421720326,-1.594888443,-0.102820508
-0.491694915,-1.651483295,-0.136454117
-0.584226151,-1.717115369,-0.190164567
-0.695871623,-1.788874394,-0.259764496
-0.82074827,-1.861922863,-0.339395302
-0.95102855,-1.930404486,-0.422585467
-1.078380929,-1.989479327,-0.50439123
-1.196444795,-2.038775471,-0.585084448
-1.30375891,-2.085951683,-0.674058715
-1.404238983,-2.143838055,-0.786671169
-1.503358196,-2.216598674,-0.928382243
-1.608059139,-2.295835496,-1.088649484
-1.727385087,-2.375250727,-1.256732895
-1.86165096,-2.449258491,-1.421493084
-2.000054706,-2.507817759,-1.566334045
-2.130294726,-2.543287821,-1.678460863
-2.243670564,-2.553057553,-1.753006895
-2.335355531,-2.537773875,-1.790763224
-2.403735379,-2.500087625,-1.79599378
-2.449601893,-2.444032437,-1.775029213
-2.475302159,-2.374368485,-1.735003095
-2.483940442,-2.295807832,-1.682689907
-2.478692002,-2.212312035,-1.623656935
-2.462289583,-2.126653065,-1.561864064
-2.436734766,-2.040312183,-1.49968635
-2.40323601,-1.953666388,-1.438224704
-2.362321659,-1.866347478,-1.377746724
-2.314057264,-1.777663586,-1.31813818
-2.25831108,-1.687014389,-1.25930236
-2.195036502,-1.594271806,-1.201487711
-2.124554699,-1.500116987,-1.14554243
-2.047814935,-1.406316671,-1.093089155
-1.966583633,-1.315891689,-1.046590028
-1.88347455,-1.233088296,-1.009241674
-1.801701504,-1.163029758,-0.984615354
-1.594118627,-0.871274417,-0.787337296
-1.501181438,-0.803355826,-0.769417264
-1.418321798,-0.760287559,-0.771496726
-1.346375456,-0.744509101,-0.793764188
-1.282734978,-0.754466418,-0.832762365
-1.221221721,-0.78419788,-0.880905427
-1.153623443,-0.824569087,-0.927230696
-1.073072808,-0.866366446,-0.959690815
-0.978053799,-0.904159586,-0.968482531
-0.873901523,-0.938104787,-0.948724393
-0.768739461,-0.970842312,-0.900420092
-0.666911612,-1.00190121,-0.82639752
-0.570497816,-1.029316108,-0.73374947
-0.489916687,-1.060295452,-0.639597029
-0.437035992,-1.10469834,-0.560642846
-0.39591959,-1.146274154,-0.484672188
-0.339673917,-1.164102764,-0.389841614
-0.269763047,-1.170824945,-0.283456676
-0.20071801,-1.184382915,-0.18165679
-0.139447318,-1.205208605,-0.088544728
-0.087692663,-1.22727412,-0.003168525
-0.047093685,-1.247787555,0.073381929
-0.020114669,-1.267820108,0.137717567
-0.009526154,-1.290358941,0.185738386
-0.017903649,-1.318814739,0.213738387
-0.047366583,-1.356246685,0.218932881
-0.099480837,-1.40498549,0.199728604
-0.175153498,-1.466362381,0.155953906
-0.274324324,-1.540365819,0.089115252
-0.395385816,-1.625215647,0.002612763
-0.534542224,-1.717048071,-0.098243509
-0.685545033,-1.810016972,-0.206577181
-0.840164552,-1.89703816,-0.314750713
-0.989435563,-1.971301121,-0.415813325
-1.125606507,-2.028902905,-0.506209454
-1.244970412,-2.073144941,-0.590527171
-1.35071592,-2.118062764,-0.685508905
-1.450960919,-2.180519377,-0.811252411
-1.551910493,-2.260263785,-0.968092635
-1.660052526,-2.343584092,-1.138541232
-1.782810851,-2.423508896,-1.310400723
-1.917503323,-2.49421576,-1.472232654
-2.052828978,-2.547092331,-1.609559956
-2.177970448,-2.576745135,-1.713019754
-2.285809807,-2.581886284,-1.779966856
-2.37269752,-2.56370318,-1.812156263
-2.437729345,-2.524986948,-1.814082356
-2.481988954,-2.469664088,-1.791872804
-2.507824747,-2.4022395,-1.752232491
-2.518193714,-2.327127591,-1.701457929
-2.516088393,-2.248034143,-1.644706011
-2.504090044,-2.167549268,-1.585630754
-2.484097154,-2.087020553,-1.526374587
-2.457238878,-2.006671657,-1.467808974
-2.423934699,-1.925872092,-1.409893553
-2.38404004,-1.843461713,-1.352049708
-2.337027156,-1.758066625,-1.293491184
-2.28217483,-1.668382927,-1.233495568
-2.218763105,-1.573433107,-1.171625348
-2.146281799,-1.472811896,-1.10791574
-2.064661178,-1.366934708,-1.043042058
-1.97451935,-1.257284483,-0.978465392
-1.877393806,-1.146623331,-0.916533763
-1.775887046,-1.039096934,-0.860489073
-1.673618306,-0.940121247,-0.814303761
-1.409828621,-0.597714826,-0.587749409
-1.288225943,-0.492002233,-0.542916496
-1.177851697,-0.410739155,-0.518474103
-1.082427736,-0.359399308,-0.517259963
-1.002699855,-0.340148905,-0.539186542
-0.93540881,-0.350588575,-0.580183363
-0.873389177,-0.38358787,-0.631889087
-0.807477866,-0.428913348,-0.68265894
-0.730305832,-0.476768213,-0.720131692
-0.640550477,-0.521973859,-0.734749693
-0.54419778,-0.56567118,-0.722382355
-0.449596745,-0.611438824,-0.683812391
-0.359868219,-0.658472125,-0.621789001
-0.2743899,-0.702524835,-0.54170205
-0.201397054,-0.748087296,-0.458286169
-0.153876888,-0.805235726,-0.388445194
-0.116143445,-0.85744835,-0.320308289
-0.056793765,-0.879138488,-0.227334494
0.021256151,-0.885626451,-0.116248474
0.097868118,-0.901999071,-0.007300816
0.165770095,-0.928840491,0.094951727
0.226337651,-0.955967535,0.193679496
0.280442778,-0.97736335,0.289368666
0.3264789,-0.992886124,0.378964329
0.361298533,-1.005651958,0.457946668
0.381371166,-1.019830399,0.52181723
0.38360958,-1.039433435,0.56673196
0.365807582,-1.06777729,0.589675441
0.326700298,-1.107343993,0.588468643
0.265718908,-1.159860936,0.561770044
0.182620111,-1.226421011,0.509164882
0.077284153,-1.307444873,0.43139324
-0.05002157,-1.402343401,0.330691024
-0.197851741,-1.508940294,0.21110117
-0.362633691,-1.622982663,0.078530189
-0.538213397,-1.738159484,-0.059613852
-0.71633056,-1.846806537,-0.195173312
-0.887866004,-1.941142757,-0.320272068
-1.044407772,-2.014998852,-0.428890412
-1.180191916,-2.066815005,-0.520142205
-1.295146101,-2.104862702,-0.604303373
-1.397335105,-2.149861884,-0.705861441
-1.497414309,-2.219574298,-0.846140357
-1.600276483,-2.305952196,-1.016206285
-1.71156628,-2.391549523,-1.193172421
-1.836744722,-2.470271933,-1.365409558
-1.970725404,-2.536701418,-1.522145077
-2.102434742,-2.583919016,-1.651441712
-2.222532141,-2.608330833,-1.746755541
-2.325235753,-2.609566147,-1.807005412
-2.407835886,-2.589175736,-1.834573499
-2.469968261,-2.550039859,-1.834066227
-2.51292608,-2.495994529,-1.811412971
-2.539046609,-2.431341613,-1.772955759
-2.551163032,-2.360258017,-1.72459383
-2.552117442,-2.286246809,-1.67114536
-2.544370876,-2.211767782,-1.616023319
-2.529757081,-2.138109272,-1.561216874
-2.509393081,-2.065474484,-1.507491479
-2.483715547,-1.993201556,-1.454695722
-2.452589754,-1.920030633,-1.402082142
-2.415442902,-1.844357103,-1.348587533
-2.371393361,-1.764444513,-1.293054393
-2.319368496,-1.678598136,-1.234399448
-2.25821916,-1.58531624,-1.171747016
-2.186847281,-1.483442029,-1.104547597
-2.104364819,-1.372337771,-1.032699015
-2.010297666,-1.252094959,-0.956680189
-1.904835462,-1.123779945,-0.8776965
-1.789105887,-0.989691737,-0.79781978
-1.665419444,-0.85357694,-0.72008483
-1.53739287,-0.720709883,-0.648480112
-1.409828621,-0.597714826,-0.587749409
-1.583128274,-1.724134462,-1.032098951
-1.44297509,-1.683699384,-0.95081584
-1.325733802,-1.673937303,-0.850728311
-1.326422693,-1.715330715,-0.825096559
-1.444288305,-1.79156843,-0.911461725
-1.591965119,-1.834789216,-1.026039688
-1.656621856,-1.800370047,-1.068656198
-1.604895751,-1.735343984,-1.042796185
-1.638229461,-1.645405589,-1.042259952
-1.520442475,-1.61592811,-0.998271784
-1.37812272,-1.593531322,-0.921880756
-1.239063789,-1.573129581,-0.813444858
-1.14612834,-1.569086535,-0.708836629
-1.123470234,-1.595563798,-0.648955702
-1.163679442,-1.648904431,-0.650049939
-1.253957168,-1.721325771,-0.714207078
-1.386422981,-1.804057955,-0.832148472
-1.541422007,-1.874323614,-0.969365693
-1.678575595,-1.900002868,-1.074334011
-1.76222799,-1.869352289,-1.119264937
-1.782373463,-1.799928643,-1.114282078
-1.749163538,-1.722645416,-1.086532644
-1.676546247,-1.662487045,-1.055377035
-1.652421663,-1.521676799,-1.000973517
-1.555880947,-1.505845362,-0.984883147
-1.436976729,-1.498316424,-0.950855113
-1.297254399,-1.486341626,-0.881856821
-1.153466656,-1.46684438,-0.776859217
-1.035419076,-1.451457582,-0.658636043
-0.969487753,-1.457887675,-0.560464624
-0.95645621,-1.488098193,-0.497676375
-0.980789268,-1.532386006,-0.469908073
-1.032634043,-1.586440691,-0.478740286
-1.108064371,-1.650035638,-0.527132503
-1.206097657,-1.723144264,-0.615786286
-1.329731589,-1.804551433,-0.741341832
-1.477248486,-1.88526729,-0.888623253
-1.628971059,-1.943156408,-1.024690627
-1.75647335,-1.957664616,-1.117468536
-1.840500723,-1.924395846,-1.155785855
-1.876295958,-1.853539959,-1.148308687
-1.869937723,-1.762736244,-1.113465486
-1.832358885,-1.67081818,-1.070498368
-1.774191791,-1.593582389,-1.033915902
-1.702044082,-1.540792036,-1.01020818
-1.620999513,-1.35256398,-0.91090143
-1.542178654,-1.347156585,-0.915098085
-1.448443043,-1.354390918,-0.913767181
-1.332723392,-1.361158371,-0.88908044
-1.196005869,-1.357592257,-0.82750702
-1.05144561,-1.342212733,-0.728228355
-0.923198073,-1.325119863,-0.608830483
-0.83812637,-1.325187504,-0.499542029
-0.803175446,-1.348911222,-0.41693155
-0.800545406,-1.383514913,-0.355562192
-0.816972246,-1.421967007,-0.313311444
-0.852278149,-1.466607595,-0.295822277
-0.907844483,-1.518818273,-0.306769448
-0.981422707,-1.578090423,-0.347032566
-1.068765606,-1.644501935,-0.417314272
-1.167237112,-1.718223924,-0.517657072
-1.279785932,-1.798101113,-0.645546384
-1.413127158,-1.881435661,-0.794933019
-1.562735816,-1.956678459,-0.947903323
-1.707913227,-2.003764606,-1.07547355
-1.826972704,-2.00925461,-1.15670694
-1.907567944,-1.972036053,-1.18726931
-1.947085421,-1.899587965,-1.17494686
-1.949691355,-1.803649803,-1.133287255
-1.923030191,-1.696997762,-1.076806183
-1.875635191,-1.59146567,-1.018232182
-1.815371824,-1.497214557,-0.967517061
-1.748531657,-1.422524431,-0.931577122
-1.678831135,-1.373026087,-0.913590643
-1.542271631,-1.139675273,-0.776987428
-1.47586761,-1.138863635,-0.793547478
-1.402905993,-1.155999078,-0.814649368
-1.313939874,-1.179478687,-0.825155885
-1.202102848,-1.197170739,-0.808907686
-1.06871408,-1.201429775,-0.754735609
-0.925424961,-1.191944643,-0.662203174
-0.793027014,-1.17762156,-0.546031536
-0.697753547,-1.177121337,-0.434386802
-0.651166038,-1.20052511,-0.345833998
-0.633735999,-1.23283873,-0.271600044
-0.625504354,-1.262935573,-0.204440203
-0.627379461,-1.296820434,-0.152771006
-0.647155902,-1.339797989,-0.124175017
-0.68902099,-1.391097621,-0.119803091
-0.752485518,-1.447636455,-0.137696417
-0.833316279,-1.506384629,-0.175292119
-0.925486829,-1.566271659,-0.2316746
-1.024126706,-1.630233719,-0.30987417
-1.127200701,-1.70314761,-0.414830458
-1.235529874,-1.784536725,-0.545606221
-1.355399126,-1.869291961,-0.695205978
-1.493587636,-1.952402307,-0.854841461
-1.64174359,-2.020984734,-1.005357857
-1.779891273,-2.05836239,-1.122649118
-1.891259063,-2.056100613,-1.19321608
-1.967406402,-2.01493302,-1.216344632
-2.006960337,-1.9411012,-1.199329175
-2.01322055,-1.843490866,-1.153107086
-1.991917718,-1.731550429,-1.089133701
-1.949462499,-1.613879639,-1.017487196
-1.891908549,-1.497712228,-0.946230714
-1.82463556,-1.389209257,-0.881693941
-1.752446862,-1.294077818,-0.829053549
-1.679587786,-1.217879227,-0.792590064
-1.609230839,-1.165507771,-0.775189955
-1.542271631,-1.139675273,-0.776987428
-1.417390378,-0.886656204,-0.605766021
-1.356020241,-0.882388368,-0.625983798
-1.29631136,-0.901602075,-0.658944322
-1.229464671,-0.935297153,-0.693168598
-1.145378577,-0.971228825,-0.713498472
-1.037597843,-0.998190805,-0.705053605
-0.908007906,-1.010261616,-0.658319788
-0.767622868,-1.008125575,-0.573293574
-0.63479921,-0.999634139,-0.462782605
-0.53429617,-1.002251468,-0.352974526
-0.481058223,-1.028625731,-0.264276029
-0.455423572,-1.062813816,-0.186395984
-0.43038329,-1.088655538,-0.106200605
-0.405176569,-1.114710512,-0.033293124
-0.390650798,-1.150455951,0.020977509
-0.394571252,-1.196063128,0.053822446
-0.421490198,-1.249495843,0.065351877
-0.473586683,-1.309616029,0.055842549
-0.549896066,-1.374890672,0.026704583
-0.645738141,-1.442046725,-0.018582537
-0.753371598,-1.506487876,-0.075181801
-0.864357771,-1.56502989,-0.139797394
-0.973394221,-1.620408573,-0.215260086
-1.081006476,-1.683057939,-0.312315234
-1.190476302,-1.761503865,-0.439796321
-1.304274093,-1.849752578,-0.591053494
-1.429306082,-1.937624424,-0.753414979
-1.56998326,-2.018554619,-0.916163151
-1.714935123,-2.079753107,-1.0604139
-1.846063296,-2.108316788,-1.167136055
-1.950387795,-2.099376485,-1.228049861
-2.022015863,-2.054782161,-1.244568739
-2.060422124,-1.980121225,-1.223666612
-2.068521154,-1.882758647,-1.174766907
-2.051009814,-1.77034327,-1.107494739
-2.013028497,-1.649650854,-1.030192544
-1.95927025,-1.526002241,-0.94930362
-1.893638492,-1.403355405,-0.869527577
-1.819390212,-1.284901961,-0.794439887
-1.739550739,-1.173850534,-0.727217274
-1.657325857,-1.074068881,-0.671172358
-1.576240865,-0.990300524,-0.629879748
-1.49977512,-0.927726488,-0.606737248
-1.430369271,-0.890752711,-0.603891122
-1.250012909,-0.598925069,-0.404671163
-1.184461861,-0.581408575,-0.419302429
-1.127939006,-0.592392656,-0.453084391
-1.074014028,-0.626296282,-0.498486298
-1.012597885,-0.672639984,-0.543140307
-0.933106808,-0.718710471,-0.571887509
-0.829484134,-0.754051475,-0.570772832
-0.70430282,-0.774213674,-0.531561626
-0.56841754,-0.780867922,-0.454763833
-0.438197357,-0.780904323,-0.351782645
-0.336220438,-0.789813697,-0.246663471
-0.27956245,-0.821641798,-0.161030897
-0.249768418,-0.860537184,-0.08447617
-0.213752111,-0.885073868,0.002090572
-0.168327675,-0.905199065,0.089522919
-0.126123112,-0.934342275,0.16353862
-0.095375832,-0.971927691,0.22143608
-0.081345967,-1.014461021,0.263600179
-0.089141705,-1.06208307,0.288084565
-0.123119036,-1.117317304,0.291715643
-0.185678801,-1.182460158,0.272321655
-0.276369336,-1.257790083,0.230171195
-0.391293879,-1.340646711,0.168580898
-0.523028659,-1.425370008,0.093744892
-0.661478068,-1.504368758,0.013567901
-0.796050548,-1.570776201,-0.064995536
-0.919360769,-1.623206805,-0.14073282
-1.031676327,-1.67146276,-0.223949016
-1.141129259,-1.734587749,-0.334442561
-1.254135048,-1.820544235,-0.480652929
-1.371995638,-1.914612966,-0.646619222
-1.500960444,-2.003540608,-0.815864376
-1.642311666,-2.080535546,-0.977178173
-1.783011756,-2.134032182,-1.113241054
-1.907341756,-2.154676715,-1.209759632
-2.005281532,-2.140099796,-1.262135265
-2.072726372,-2.092833666,-1.273073131
-2.109772045,-2.01807447,-1.249296175
-2.11916978,-1.922305265,-1.199265431
-2.105047894,-1.812151292,-1.131458756
-2.071836755,-1.693390569,-1.053143696
-2.023473399,-1.570342299,-0.969773953
-1.962996774,-1.445771057,-0.884998
-1.892546683,-1.321246769,-0.801100389
-1.813666602,-1.197777045,-0.719640619
-1.72776336,-1.07651721,-0.642095756
-1.63658493,-0.95940729,-0.570381577
-1.542593834,-0.849619779,-0.507171279
-1.449109746,-0.751701324,-0.45593777
-1.360079414,-0.671271354,-0.420632092
-1.279345833,-0.614147549,-0.40491251
-1.045654195,-0.283044216,-0.181297574
-0.965525597,-0.241502356,-0.181080136
-0.900255547,-0.232197212,-0.204497652
-0.84670759,-0.253423211,-0.247905908
-0.797064676,-0.297996946,-0.30267953
-0.740089194,-0.354143908,-0.35569364
-0.664737081,-0.408699061,-0.391716733
-0.565325606,-0.451832065,-0.397484159
-0.445236331,-0.480490533,-0.365871705
-0.315495063,-0.497434122,-0.298034726
-0.190724818,-0.508685997,-0.204318949
-0.090703172,-0.527114333,-0.106403133
-0.033311278,-0.566849746,-0.026242619
-0.002033616,-0.612689652,0.045828684
0.040981876,-0.638235015,0.134375511
0.101016197,-0.654282199,0.231722067
0.162919628,-0.679339029,0.320353633
0.218552682,-0.712126671,0.397872144
0.264254597,-0.745782622,0.466665949
0.295449424,-0.778753055,0.525218426
0.30684076,-0.814119714,0.568819674
0.293599282,-0.856610773,0.592173872
0.251993702,-0.910676432,0.591019308
0.179775716,-0.979444764,0.562933432
0.076655994,-1.064000915,0.507826646
-0.055053292,-1.162764728,0.428316987
-0.20984164,-1.271082485,0.329893752
-0.378903662,-1.381360019,0.220639029
-0.55096854,-1.484044201,0.110281542
-0.714161318,-1.569643465,0.008319342
-0.858877365,-1.632239697,-0.079469337
-0.981994492,-1.675403253,-0.157158878
-1.091230253,-1.718178214,-0.244811362
-1.201143244,-1.786312288,-0.369391573
-1.317294536,-1.881233077,-0.532674131
-1.438496892,-1.979206235,-0.708668247
-1.570220267,-2.067067008,-0.880341236
-1.710742944,-2.138775683,-1.037165739
-1.846590972,-2.184638492,-1.164209698
-1.964488481,-2.19831021,-1.251254745
-2.056728929,-2.179131091,-1.296262438
-2.120511496,-2.130040507,-1.302715065
-2.156398391,-2.055971371,-1.277110015
-2.167075855,-1.962850802,-1.227238098
-2.156340406,-1.856675787,-1.160800141
-2.128210912,-1.742648444,-1.084360456
-2.086220247,-1.624576782,-1.002775321
-2.032992366,-1.504680329,-0.919117092
-1.970141672,-1.38378068,-0.834973609
-1.898436689,-1.261747414,-0.750945368
-1.818125806,-1.138052904,-0.667188456
-1.729334057,-1.012331827,-0.583911681
-1.632471635,-0.884891538,-0.501788825
-1.528615131,-0.757145727,-0.422272059
-1.41981752,-0.631937499,-0.347789562
-1.309275328,-0.513686309,-0.281787922
-1.201245255,-0.408252174,-0.228550306
-1.100582696,-0.322385767,-0.192701955
-0.810782627,0.054127895,0.057299076
-0.705380167,0.130542759,0.081053888
-0.61857271,0.172890433,0.078736861
-0.550804252,0.178988949,0.050457647
-0.497864806,0.151804243,0.00076879
-0.450645776,0.099987491,-0.060739485
-0.396824646,0.03651342,-0.120244277
-0.324898007,-0.024994263,-0.162375188
-0.229571294,-0.075286167,-0.174429184
-0.115181101,-0.112761041,-0.150362349
0.006808815,-0.141455848,-0.092164242
0.123377314,-0.166646228,-0.009416666
0.218088891,-0.198029687,0.078785731
0.273625752,-0.248408435,0.151193744
0.304479035,-0.303205282,0.216437752
0.352049448,-0.331544589,0.30380193
0.422905533,-0.344981509,0.407616
0.497654198,-0.369023466,0.506211783
0.567632095,-0.40287156,0.596651328
0.631859089,-0.435470008,0.683894326
0.687957245,-0.461960375,0.768185217
0.731581648,-0.484069866,0.8450814
0.757879768,-0.506537943,0.908569863
0.762316495,-0.534784833,0.952943111
0.741049816,-0.573828881,0.973502527
0.69111636,-0.627808876,0.966773447
0.610521363,-0.699728221,0.930641555
0.498384781,-0.791179868,0.864597178
0.355360022,-0.901887741,0.770131571
0.184398669,-1.029079373,0.651177659
-0.008444782,-1.166990817,0.514337527
-0.213801244,-1.306970562,0.368614514
-0.419850983,-1.438445903,0.224544937
-0.61412805,-1.550606954,0.092801467
-0.785762817,-1.634720667,-0.017952183
-0.928312607,-1.688043285,-0.10521059
-1.044320781,-1.721002075,-0.180315465
-1.149140471,-1.762439293,-0.27375448
-1.260663479,-1.840243143,-0.415011427
-1.37988822,-1.943788311,-0.593197646
-1.50369642,-2.043174983,-0.77486657
-1.636973657,-2.128076784,-0.945478282
-1.775488215,-2.193645399,-1.09584516
-1.906216395,-2.232261387,-1.213751748
-2.018148988,-2.239946205,-1.292262713
-2.105386315,-2.217176006,-1.33107961
-2.16609766,-2.167119114,-1.33413129
-2.201195896,-2.094509864,-1.30769691
-2.213339446,-2.004891023,-1.259058168
-2.206109092,-1.903833154,-1.195341763
-2.183258343,-1.796166313,-1.122606883
-2.148084338,-1.685414784,-1.045316073
-2.103018599,-1.573565069,-0.966221555
-2.049481758,-1.4611629,-0.886577672
-1.987962727,-1.347636501,-0.806534698
-1.918238349,-1.231720766,-0.725583326
-1.839655611,-1.11189033,-0.642968452
-1.751430293,-0.986758995,-0.558040772
-1.652946971,-0.855440942,-0.470547285
-1.544061483,-0.717885369,-0.380874065
-1.425404638,-0.575191092,-0.290250149
-1.298666897,-0.429885524,-0.200905157
-1.166811984,-0.286118211,-0.116149346
-1.034130792,-0.149680287,-0.040318269
-0.906018916,-0.027730386,0.021497648
-0.551859472,0.406277677,0.305150506
-0.411091211,0.527595913,0.360034861
-0.290294717,0.615227238,0.388423426
-0.193254892,0.663520869,0.38747979
-0.119812527,0.671044554,0.357896976
-0.064706196,0.641972805,0.305058581
-0.017605514,0.586320486,0.239424437
0.034835524,0.518182365,0.175468651
0.104542885,0.451613048,0.128726627
0.196353431,0.395240628,0.111376394
0.304805885,0.349063573,0.128309481
0.417770293,0.307511711,0.176457672
0.523719641,0.2658879,0.246706822
0.609992795,0.218090167,0.322711091
0.661175625,0.154083201,0.385025874
0.690239438,0.088425334,0.441495889
0.741249826,0.056060894,0.525339468
0.821097746,0.044521598,0.633094451
0.903927663,0.018966511,0.737765659
0.979557937,-0.021923753,0.834618075
1.050925999,-0.062083212,0.931455561
1.11956488,-0.091826326,1.03116362
1.183217727,-0.110390598,1.13040321
1.237437206,-0.121857943,1.223262217
1.276883312,-0.132119706,1.303641312
1.296268241,-0.147264789,1.366172599
1.291119668,-0.172712698,1.406454259
1.258261229,-0.212775432,1.421047219
1.195902862,-0.270554169,1.407404701
1.103360041,-0.348086003,1.363817212
0.980591869,-0.44656237,1.289464897
0.827918467,-0.566343686,1.184683949
0.646324567,-0.706521973,1.051488412
0.438487116,-0.864054266,0.894201889
0.210063718,-1.032935037,0.719836454
-0.029717692,-1.204113682,0.537837972
-0.268882483,-1.366506371,0.359133721
-0.494688878,-1.508715079,0.194819515
-0.69577396,-1.620798584,0.054762741
-0.863955675,-1.696342077,-0.054535053
-0.996854384,-1.736962705,-0.135071122
-1.103245128,-1.761237562,-0.206944076
-1.205322644,-1.806990887,-0.310323917
-1.320059232,-1.897694263,-0.470412387
-1.441847983,-2.007720994,-0.660092014
-1.567437021,-2.105978138,-0.84346997
-1.701123745,-2.186451862,-1.010380113
-1.836780081,-2.245511328,-1.153178651
-1.962368357,-2.277498134,-1.262303983
-2.06886586,-2.280189059,-1.333325377
-2.151782684,-2.254790691,-1.367092937
-2.210016922,-2.204584459,-1.367766943
-2.24474133,-2.134138364,-1.341408922
-2.258592662,-2.048701011,-1.294882963
-2.254988146,-1.953517338,-1.23485452
-2.237480698,-1.853137218,-1.166981563
-2.209200018,-1.750892845,-1.095430881
-2.172472569,-1.648662642,-1.022753651
-2.12866548,-1.546923127,-0.950048572
-2.078224567,-1.445001975,-0.877289367
-2.020833448,-1.34142066,-0.803700745
-1.955621627,-1.234240083,-0.728106791
-1.881376027,-1.121365702,-0.649219668
-1.796740779,-1.000806338,-0.565868613
-1.700411899,-0.870903423,-0.477186006
-1.591343659,-0.730555412,-0.382771635
-1.468982761,-0.579458488,-0.282852134
-1.333536031,-0.418371928,-0.178442592
-1.186257616,-0.249395564,-0.071502627
-1.029713791,-0.076218431,0.034939587
-0.86795115,0.095735051,0.136743118
-0.706465731,0.259364707,0.228757334
-0.551859472,0.406277677,0.305150506
-1.003024989,-1.055698333,-0.275622755
-0.8509089,-1.001973426,-0.179248237
-0.745783308,-0.997565849,-0.081501097
-0.771794271,-1.059578848,-0.071297746
-0.902614227,-1.153589636,-0.167881642
-1.051413016,-1.204662178,-0.290193965
-1.102852888,-1.158320665,-0.330721356
-1.028862769,-1.070919121,-0.289932425
-1.037833529,-0.954443121,-0.28133199
-0.905597098,-0.912871436,-0.221598179
-0.755391508,-0.882575416,-0.13229899
-0.62359514,-0.863524565,-0.022838107
-0.559260878,-0.877501517,0.064194666
-0.569719352,-0.927843229,0.102051264
-0.633517116,-1.001309176,0.085997792
-0.736482454,-1.089805426,0.014483707
-0.870962265,-1.183962419,-0.10471471
-1.024809539,-1.263643569,-0.245111329
-1.160465497,-1.293654516,-0.357298834
-1.234732189,-1.253757563,-0.404089546
-1.235435298,-1.162610899,-0.391256599
-1.178119407,-1.059676157,-0.348891558
-1.083483809,-0.978069428,-0.301032708
-1.022145513,-0.795838976,-0.228749847
-0.913827705,-0.772047503,-0.199695082
-0.785922717,-0.759438949,-0.153122392
-0.639826813,-0.742429625,-0.072622607
-0.500472494,-0.723006052,0.034998306
-0.40897642,-0.723636772,0.136706068
-0.381132275,-0.755373192,0.208664356
-0.39579083,-0.804191412,0.253169123
-0.438564601,-0.863334165,0.268652201
-0.508371405,-0.93404478,0.248392092
-0.60232914,-1.015714962,0.189820564
-0.714634256,-1.106631541,0.093853882
-0.841532779,-1.201418087,-0.033065988
-0.984253847,-1.290567897,-0.17844979
-1.133550142,-1.35646001,-0.318616795
-1.259447168,-1.373742309,-0.419096619
-1.335245205,-1.331308144,-0.460295829
-1.353581874,-1.239460376,-0.447483676
-1.322676896,-1.120357672,-0.400179331
-1.257768208,-0.998538617,-0.340592434
-1.173993983,-0.894944732,-0.286438941
-1.081231648,-0.822779119,-0.246582382
-0.949859777,-0.579763128,-0.119552452
-0.862113162,-0.569612486,-0.11343608
-0.762608763,-0.576277981,-0.102913129
-0.641248286,-0.582513365,-0.068261752
-0.498874968,-0.576018955,0.003637951
-0.356505937,-0.560216928,0.106479779
-0.252011171,-0.557566268,0.210887378
-0.207002386,-0.584189549,0.292075436
-0.199573895,-0.624806574,0.35650155
-0.207363685,-0.668642452,0.408736567
-0.233882855,-0.722929162,0.437677037
-0.285812468,-0.789495222,0.437720046
-0.362369803,-0.86299793,0.411122745
-0.457941151,-0.938783428,0.360936745
-0.566665769,-1.017874765,0.28605492
-0.685406499,-1.10650556,0.181312872
-0.811573967,-1.204814472,0.047792288
-0.944819917,-1.301389553,-0.101944487
-1.088844088,-1.385044906,-0.254150403
-1.232422391,-1.439737177,-0.387642289
-1.349901535,-1.446568967,-0.47677467
-1.422643526,-1.399589715,-0.510404085
-1.44582167,-1.306456415,-0.493827965
-1.424535697,-1.181746786,-0.441031607
-1.368955981,-1.041921564,-0.368301157
-1.290740974,-0.902540197,-0.290631681
-1.200875324,-0.77714099,-0.220239849
-1.108369062,-0.676796918,-0.165987208
-1.018858277,-0.609052147,-0.132408745
-0.820007544,-0.30958401,0.040698458
-0.746337681,-0.305545041,0.032743201
-0.670451793,-0.324968053,0.018072273
-0.579821044,-0.352915122,0.013771274
-0.46452551,-0.373298878,0.0379061
-0.325769083,-0.376343571,0.101315235
-0.182629249,-0.366280815,0.197956071
-0.070798695,-0.364942619,0.300735837
-0.016232295,-0.391980792,0.383260736
0.001709322,-0.432267801,0.453166428
0.01500774,-0.46881955,0.522265451
0.021377712,-0.513482525,0.576849257
0.007818289,-0.57485839,0.605448547
-0.031466038,-0.648897087,0.608412676
-0.097589273,-0.729760343,0.589044899
-0.18800561,-0.812633193,0.550885164
-0.29581305,-0.892212017,0.498604884
-0.411556193,-0.963900343,0.436560303
-0.528468528,-1.029284809,0.363588885
-0.647722335,-1.101051778,0.268470623
-0.774294356,-1.193064218,0.139113631
-0.906117777,-1.297477408,-0.016111209
-1.042421029,-1.394077321,-0.17653284
-1.186020999,-1.471630777,-0.328492025
-1.323522605,-1.516017946,-0.45312703
-1.433222064,-1.513630749,-0.531459982
-1.501642977,-1.46196583,-0.557533281
-1.525658211,-1.367637508,-0.536829709
-1.509011844,-1.241556542,-0.480456354
-1.459033037,-1.095742123,-0.400998077
-1.384234028,-0.941430413,-0.310101699
-1.292872177,-0.788314132,-0.217502123
-1.192451593,-0.644765884,-0.131121216
-1.089773777,-0.518486322,-0.057580205
-0.990897899,-0.416809024,-0.002410763
-0.900437495,-0.34603251,0.030547827
-0.820007544,-0.30958401,0.040698458
-0.635896904,0.008386176,0.243942822
-0.56725005,0.016227344,0.231767718
-0.505681117,-0.005862134,0.203857483
-0.440037962,-0.04661482,0.173139768
-0.356961391,-0.090400795,0.156784667
-0.247021366,-0.122322751,0.17148008
-0.111971533,-0.134542539,0.226455741
0.030266288,-0.13183125,0.315858117
0.146037302,-0.134877518,0.414535843
0.206505135,-0.165391108,0.49491073
0.229360538,-0.209538444,0.563945434
0.255146407,-0.243302951,0.640783489
0.286045212,-0.279694046,0.712347343
0.306268427,-0.333073595,0.762743853
0.308430945,-0.399239895,0.791924498
0.288119543,-0.472291604,0.802430807
0.240226846,-0.551806494,0.793212193
0.16146057,-0.639353478,0.762330999
0.052983406,-0.734343085,0.710338421
-0.078557832,-0.832085029,0.641789575
-0.221752521,-0.92416512,0.564748588
-0.363210804,-1.001380241,0.488009423
-0.492863575,-1.059933275,0.415299252
-0.611136146,-1.110197752,0.337154957
-0.730952905,-1.177842842,0.230061737
-0.861814344,-1.277430351,0.081010174
-0.997076638,-1.387000011,-0.088475874
-1.135129058,-1.481646175,-0.253092497
-1.276994686,-1.552149617,-0.400970213
-1.408153488,-1.586759029,-0.515860318
-1.510650231,-1.576269519,-0.584197754
-1.574648787,-1.520519138,-0.603452708
-1.598249175,-1.425602662,-0.579243877
-1.584597228,-1.300447936,-0.521029546
-1.539503332,-1.154644733,-0.439212203
-1.469625068,-0.996962731,-0.343293568
-1.38123902,-0.834553863,-0.24097816
-1.279730139,-0.672959124,-0.138160163
-1.169729167,-0.516755548,-0.039499228
-1.055608371,-0.370458454,0.050822575
-0.941962152,-0.239259055,0.128528366
-0.833724866,-0.129242618,0.18912834
-0.735659223,-0.046826738,0.228434592
-0.651100841,0.002691807,0.243775848
-0.404266804,0.365468344,0.480675202
-0.329782411,0.388593458,0.474584917
-0.270410911,0.37632695,0.445891279
-0.218194359,0.335595039,0.403044559
-0.160467972,0.279283167,0.3599486
-0.083380678,0.223381736,0.333710346
0.021975757,0.181737346,0.339937038
0.153173148,0.160513375,0.386579045
0.292991155,0.154420849,0.467847883
0.409960929,0.144319438,0.560462802
0.473958733,0.107980719,0.636510108
0.498906502,0.057419991,0.701335491
0.531895898,0.023267327,0.780617663
0.580792238,-0.00629706,0.864130011
0.627597297,-0.051620501,0.931916841
0.665152787,-0.107787397,0.984284587
0.690381789,-0.165287903,1.026148755
0.696601757,-0.223375078,1.055970208
0.675643309,-0.287275491,1.067883288
0.620958359,-0.363149087,1.055896781
0.529230027,-0.455109384,1.016386903
0.401242245,-0.563696209,0.949287993
0.242483497,-0.685084607,0.858613587
0.063240699,-0.811012826,0.752390762
-0.122355414,-0.929771822,0.641751033
-0.29869427,-1.028629939,0.538768967
-0.452667778,-1.098335843,0.452253468
-0.579884264,-1.141051148,0.380169322
-0.691948732,-1.179940534,0.300741153
-0.81212788,-1.251587846,0.179920004
-0.947437557,-1.361948128,0.012519056
-1.084912505,-1.474308329,-0.165708408
-1.223578058,-1.564952922,-0.330132854
-1.362556351,-1.627604078,-0.471549324
-1.487309521,-1.653070749,-0.576554698
-1.583271464,-1.635664115,-0.635930204
-1.643258976,-1.576762048,-0.649419658
-1.66627801,-1.482119759,-0.622675301
-1.655215486,-1.359485885,-0.56411177
-1.615050756,-1.217048764,-0.482782291
-1.551405448,-1.062204895,-0.386878231
-1.469444543,-0.900738054,-0.28287135
-1.37328932,-0.736605543,-0.175348341
-1.265981166,-0.572308319,-0.067392721
-1.149862289,-0.409631954,0.038745273
-1.027160213,-0.250500983,0.140934972
-0.900572664,-0.097735515,0.23657971
-0.773683742,0.044447943,0.322271183
-0.651060478,0.170328944,0.393771482
-0.537886262,0.273105646,0.446408713
-0.439022479,0.345958831,0.475958283
-0.134082502,0.751628615,0.741022383
-0.04217611,0.801989324,0.751005153
0.028580162,0.813246304,0.733785725
0.082219391,0.787816049,0.693549903
0.128311727,0.734392008,0.639935123
0.180712187,0.667119441,0.587563353
0.253614607,0.602208632,0.553454632
0.355362032,0.552514675,0.552306316
0.482669609,0.522543686,0.590885333
0.618648539,0.506328191,0.663260017
0.734233869,0.486559803,0.747990748
0.799724564,0.442099903,0.817855647
0.825364494,0.383358624,0.876410551
0.862535871,0.346518794,0.954638155
0.924848133,0.322272954,1.046485755
0.991253321,0.283119741,1.127528533
1.053972653,0.23305404,1.197287852
1.112683118,0.186202589,1.263890735
1.162235382,0.146478681,1.327725941
1.1941207,0.109110104,1.38254449
1.200029108,0.066397764,1.420287197
1.173263019,0.010878307,1.43379462
1.109030465,-0.063432147,1.417798106
1.00465185,-0.160414124,1.369318571
0.860045206,-0.281235989,1.288046428
0.678508813,-0.423638109,1.176816214
0.467518381,-0.581334188,1.041987728
0.238938451,-0.744003363,0.893382246
0.008054662,-0.898285291,0.74348062
-0.208630728,-1.029801061,0.605792173
-0.396415355,-1.126145697,0.492166604
-0.546464438,-1.181948509,0.407776925
-0.662614636,-1.20847197,0.341720646
-0.768166992,-1.24284679,0.258659667
-0.891804229,-1.326316666,0.119807213
-1.031520846,-1.447494724,-0.063741216
-1.169941654,-1.559443927,-0.245766458
-1.308090546,-1.644327556,-0.406806503
-1.443298711,-1.698719739,-0.540364733
-1.561823992,-1.715895979,-0.635877199
-1.652012747,-1.692824193,-0.68747943
-1.708635047,-1.631839297,-0.696379685
-1.731370274,-1.538421876,-0.668169701
-1.723000221,-1.419558334,-0.610541257
-1.688026647,-1.282570587,-0.531652933
-1.631474693,-1.134053145,-0.43885662
-1.557906191,-0.979067632,-0.337886089
-1.470805969,-0.820807876,-0.232602512
-1.372415247,-0.660762457,-0.125217255
-1.263940719,-0.499233744,-0.016802738
-1.145992549,-0.336022913,0.092098136
-1.019111906,-0.171130124,0.200893533
-0.884290595,-0.005380788,0.308462072
-0.743417237,0.15907276,0.412801144
-0.599588709,0.31842223,0.510830254
-0.457207456,0.467118286,0.598391008
-0.32176259,0.598129904,0.670506616
-0.199189221,0.7036586,0.721974053
0.164924869,1.156761544,1.015774784
0.285349467,1.245563633,1.050709686
0.381004559,1.293760608,1.056117884
0.452047324,1.29961738,1.032506128
0.503866937,1.267048446,0.985106956
0.547396906,1.206231724,0.924511576
0.597453298,1.132313265,0.865886734
0.66843148,1.061589355,0.826129881
0.767986161,1.00586052,0.819071384
0.89171687,0.967809513,0.850226544
1.022697441,0.940482044,0.913222857
1.134450771,0.90854325,0.988380585
1.199442441,0.853560394,1.050241139
1.225190847,0.785302122,1.101065637
1.265274297,0.744295752,1.175834713
1.338319043,0.724284182,1.273326424
1.418930219,0.689220733,1.364122418
1.496919804,0.639692167,1.445125404
1.574953548,0.594320719,1.52739136
1.650889702,0.561535417,1.61414907
1.717809571,0.538872863,1.700234597
1.768032849,0.519447801,1.777596278
1.794663907,0.49560039,1.838475682
1.791807384,0.460193325,1.876374505
1.754653663,0.407093411,1.886162603
1.67961391,0.331431801,1.864027514
1.564416023,0.229786204,1.807509445
1.408245467,0.100422032,1.715729471
1.212194054,-0.056210194,1.589872878
0.980188174,-0.236657324,1.433861943
0.720110128,-0.433643616,1.254921772
0.444286469,-0.635919392,1.063588211
0.168533309,-0.829298889,0.8728754
-0.090191889,-0.998688575,0.696761506
-0.316559318,-1.130407651,0.548313451
-0.499427455,-1.214925308,0.436945233
-0.635675403,-1.252564312,0.362378631
-0.738237148,-1.265487817,0.30292745
-0.840991962,-1.303934556,0.210417969
-0.971178417,-1.404577263,0.05001913
-1.114127221,-1.533720548,-0.145691831
-1.252225836,-1.642076538,-0.327179748
-1.388842451,-1.719947263,-0.482582071
-1.519729763,-1.766128184,-0.607660557
-1.63241307,-1.776054886,-0.694444966
-1.717643597,-1.748588188,-0.739535873
-1.771634676,-1.686609978,-0.745037268
-1.794567587,-1.595354331,-0.716412935
-1.789185004,-1.481275234,-0.660813857
-1.759691,-1.351112492,-0.585757999
-1.710736932,-1.210946777,-0.498013328
-1.646535424,-1.065431138,-0.402838168
-1.570259927,-0.917406803,-0.303688374
-1.483813607,-0.767946649,-0.202341955
-1.387924223,-0.616720022,-0.099290126
-1.282448623,-0.462520036,0.005765672
-1.166771216,-0.30382364,0.113423853
-1.040221014,-0.13931398,0.22415453
-0.902473075,0.031656511,0.337946001
-0.753922116,0.208661447,0.454020815
-0.596015307,0.389856931,0.570618485
-0.431512723,0.571723895,0.684857087
-0.264616506,0.748952179,0.792707082
-0.10088432,0.914551348,0.889130798
0.053168187,1.060287869,0.968452695
0.483629561,1.571878465,1.297180969
0.642123362,1.708524948,1.364212118
0.774625544,1.805281038,1.40142124
0.878007382,1.857049601,1.406463808
0.953468526,1.863260775,1.380686946
1.00764238,1.829193866,1.330235728
1.052609067,1.766259955,1.266461371
1.103912403,1.690347959,1.20490892
1.175946787,1.617640913,1.162260976
1.275464155,1.558698866,1.151412263
1.396632955,1.514086771,1.176443654
1.522108716,1.475445443,1.230166882
1.628080089,1.429380984,1.294477325
1.690804922,1.361658754,1.34667335
1.716738928,1.283009278,1.388747516
1.760032945,1.237307152,1.458546438
1.843008885,1.221274253,1.559807772
1.934517547,1.189003137,1.657727635
2.019978959,1.134973354,1.744637278
2.105269171,1.082038552,1.833960986
2.192937469,1.044560371,1.932416234
2.279391922,1.023946399,2.036802987
2.358788663,1.015306466,2.139902707
2.42456973,1.011516573,2.234174386
2.469818744,1.004784529,2.31290183
2.487848513,0.987531279,2.370386688
2.473010369,0.953144123,2.401964766
2.421312088,0.896508235,2.404000387
2.330593254,0.814173892,2.373831649
2.200238482,0.704159698,2.309665726
2.03061125,0.565568385,2.21051439
1.822593715,0.398358992,2.07634489
1.577749835,0.203677765,1.908616977
1.299451679,-0.015086073,1.711185007
0.994631724,-0.25095059,1.491180042
0.674975252,-0.492706626,1.259225748
0.356274429,-0.725848997,1.028569545
0.055850841,-0.934849902,0.813404122
-0.210560103,-1.105556995,0.627138775
-0.430965111,-1.226889788,0.480882409
-0.598673475,-1.293152033,0.380658687
-0.716606056,-1.311363945,0.319513199
-0.807315493,-1.316103412,0.26334941
-0.912679826,-1.367575713,0.154111436
-1.050839084,-1.487130686,-0.028778322
-1.194990058,-1.619620569,-0.23134801
-1.331694512,-1.721814421,-0.408825496
-1.465977197,-1.791998389,-0.557162748
-1.592313267,-1.830419063,-0.673752587
-1.699687504,-1.834252232,-0.752809804
-1.780780868,-1.803625791,-0.792652666
-1.832876573,-1.741693086,-0.795891492
-1.856530146,-1.653459628,-0.767821855
-1.854467525,-1.544978517,-0.715163538
-1.83068296,-1.422559251,-0.644939344
-1.789560216,-1.291908754,-0.563470948
-1.735075952,-1.157409486,-0.475672258
-1.670234024,-1.021727642,-0.384748893
-1.596813918,-0.885797179,-0.292268286
-1.515404095,-0.74909241,-0.198472965
-1.425621505,-0.610049777,-0.102695806
-1.326413472,-0.466519622,-0.003773517
-1.216372094,-0.316180531,0.099594009
-1.094032055,-0.156897578,0.208549823
-0.95815171,0.012964009,0.323839931
-0.807989472,0.194248006,0.445608781
-0.643584703,0.386722884,0.573216445
-0.466038053,0.588804393,0.705075486
-0.277764146,0.797309363,0.838521524
-0.082664241,1.007292032,0.969749014
0.113855186,1.212038034,1.093859154
0.305101885,1.403303411,1.205075574
0.483629561,1.571878465,1.297180969
-0.215717958,-0.186659068,0.624861388
-0.058751734,-0.122068078,0.729212567
0.015456478,-0.137109641,0.806208004
-0.044395866,-0.22745547,0.792368072
-0.185976851,-0.338943328,0.689194492
-0.322514123,-0.389307568,0.573648825
-0.349100765,-0.323312475,0.545795718
-0.246070374,-0.206838097,0.606668922
-0.221834477,-0.058667554,0.629553476
-0.073189918,0.000245877,0.70731277
0.075878042,0.034796623,0.801595177
0.179548112,0.037206386,0.892493775
0.203973676,-0.004298196,0.94951578
0.165652586,-0.076203259,0.965982656
0.07905124,-0.17105387,0.933677413
-0.045773365,-0.282756627,0.849172231
-0.190760294,-0.395493922,0.725180002
-0.336998468,-0.48115406,0.590940492
-0.458306596,-0.507681802,0.485509441
-0.513992295,-0.453596621,0.445104994
-0.48841973,-0.336443983,0.470209471
-0.400385185,-0.202178185,0.531374746
-0.277076152,-0.091833415,0.601199451
-0.173837955,0.134297766,0.692530737
-0.047405079,0.174610831,0.741551237
0.090845557,0.197406477,0.803397656
0.233951536,0.215679559,0.887957833
0.346769865,0.219073783,0.978425994
0.396691683,0.190286274,1.048653102
0.399714575,0.141246978,1.099805107
0.374227561,0.078687205,1.130142704
0.314470042,-0.003725893,1.126282165
0.220524968,-0.099889646,1.086981305
0.10096181,-0.201600508,1.016155412
-0.036750319,-0.310672841,0.912386418
-0.185126339,-0.427887733,0.777353633
-0.331989177,-0.533159941,0.631301126
-0.470343513,-0.602488491,0.498338377
-0.583572446,-0.616437279,0.40222757
-0.643908606,-0.561646227,0.364358756
-0.639775201,-0.44657566,0.384872298
-0.579867299,-0.296482126,0.445803143
-0.482745049,-0.140815778,0.523903915
-0.367413962,-0.00508151,0.599482739
-0.246901365,0.094220285,0.661645077
-0.063504277,0.392586659,0.81455916
0.041999099,0.417940002,0.840655453
0.154224621,0.421289702,0.868826705
0.282605669,0.420840939,0.916880722
0.421324733,0.426638435,0.992422635
0.5385871,0.426574535,1.079274401
0.59998669,0.399572411,1.151124551
0.61942672,0.356071766,1.210957808
0.625674151,0.308313994,1.265577593
0.610128048,0.239696547,1.295950641
0.560708727,0.146250615,1.29250596
0.478401093,0.040340355,1.260970541
0.370096222,-0.065516587,1.209493265
0.246159361,-0.162239377,1.144951103
0.116466115,-0.247359455,1.069668664
-0.018068145,-0.332749496,0.97469756
-0.164317361,-0.438446976,0.845040131
-0.316445877,-0.557592939,0.688916005
-0.460487703,-0.655901813,0.537435212
-0.593158483,-0.713450582,0.409843305
-0.699713067,-0.717019938,0.322963357
-0.758731142,-0.658132536,0.290967048
-0.761691792,-0.543114195,0.312864441
-0.713485832,-0.388535194,0.376130848
-0.626157065,-0.214076555,0.464161645
-0.513967873,-0.038566169,0.560810591
-0.390486555,0.121604404,0.652454191
-0.266907271,0.253107392,0.728922851
-0.150457808,0.346824531,0.784624467
0.109223723,0.710561902,0.990181807
0.200415633,0.72944151,1.001918581
0.289580344,0.719917704,1.005394995
0.389691081,0.697891098,1.017042422
0.51014949,0.680379774,1.053276438
0.645197338,0.675169927,1.120067019
0.764867276,0.669503103,1.201801121
0.832821048,0.639906248,1.271440192
0.859067171,0.594516425,1.331073875
0.882275096,0.553454376,1.39603078
0.898333664,0.497164523,1.447306501
0.889069445,0.41173513,1.467942084
0.851188846,0.307880842,1.461739759
0.784069427,0.196096605,1.43436797
0.685949419,0.079843018,1.387264774
0.559005824,-0.038034391,1.322289059
0.412612873,-0.150459732,1.245411987
0.261940033,-0.246717694,1.166035881
0.121472897,-0.319149175,1.091180363
-0.006067425,-0.375612693,1.014855347
-0.1369072,-0.446841521,0.912093729
-0.286320702,-0.557241971,0.763898276
-0.439317938,-0.678840162,0.595891239
-0.580348572,-0.769857182,0.444958164
-0.707945386,-0.816833038,0.324455913
-0.80803155,-0.810806958,0.246864771
-0.863769657,-0.747068019,0.221456399
-0.869041469,-0.631538588,0.246096623
-0.827221502,-0.476647893,0.310956251
-0.746798093,-0.296712418,0.403459676
-0.638088859,-0.105360457,0.511248944
-0.511279546,0.085522816,0.62354515
-0.375653702,0.265699882,0.7313452
-0.239540792,0.425951191,0.827081012
-0.110239274,0.557751272,0.904478812
0.006728603,0.653935294,0.959167715
0.109223723,0.710561902,0.990181807
0.338593999,1.078714631,1.210345224
0.425083626,1.10194186,1.217568004
0.500789142,1.090807198,1.208051152
0.577247771,1.056953119,1.194350935
0.668186142,1.016764549,1.192923074
0.78249237,0.985873352,1.218865961
0.914278405,0.970417776,1.277052584
1.035057572,0.957678752,1.352606623
1.10731466,0.923112617,1.418178966
1.136325318,0.872176802,1.473810598
1.168466394,0.832740628,1.542174678
1.207602249,0.787537136,1.608230347
1.232047112,0.714141638,1.649213888
1.23834807,0.62330162,1.668714551
1.226693115,0.529053715,1.674746024
1.1901671,0.432570956,1.666358492
1.11955962,0.327851367,1.637565917
1.009245555,0.209512082,1.583435773
0.860162316,0.077078139,1.503521303
0.680755263,-0.063421467,1.403110686
0.486333008,-0.199807627,1.292892426
0.296465024,-0.316226119,1.186861939
0.129791726,-0.398609881,1.097584835
-0.004828888,-0.44496396,1.027181068
-0.120135137,-0.479758141,0.955080416
-0.248926112,-0.550801962,0.841344572
-0.403286742,-0.672716903,0.674935546
-0.555857078,-0.794646343,0.500899759
-0.693582239,-0.877274757,0.35395911
-0.815963424,-0.913973565,0.241630507
-0.909739878,-0.899104823,0.173075392
-0.961755112,-0.830884032,0.15391887
-0.967735643,-0.7152058,0.181165637
-0.93043059,-0.562224087,0.246509577
-0.856420298,-0.383261542,0.339742916
-0.753692439,-0.188931497,0.450912608
-0.630004252,0.011880376,0.571505809
-0.492131648,0.21213926,0.694722341
-0.345925833,0.406035675,0.815058639
-0.196821581,0.58803514,0.927617314
-0.050341566,0.752090364,1.027555641
0.087799428,0.891412291,1.109977877
0.21225561,0.999056101,1.17045197
0.319354912,1.069398553,1.206194815
0.614838184,1.48494507,1.464025228
0.707763033,1.524372421,1.47689751
0.78254748,1.524834822,1.466722645
0.847400451,1.493324266,1.441755824
0.915221282,1.442847607,1.415371175
0.999971862,1.389755552,1.403756167
1.109888735,1.348315285,1.420855347
1.238823472,1.32326327,1.470679198
1.35969601,1.302282294,1.539186348
1.434925172,1.261057607,1.599426625
1.465127381,1.202627338,1.649176336
1.501741876,1.161352587,1.716802239
1.558054179,1.125369663,1.793512931
1.609294244,1.063918311,1.851263985
1.651095805,0.985937286,1.892183038
1.687393164,0.911075145,1.928349515
1.712438966,0.843717302,1.96099988
1.71410153,0.776350887,1.982451936
1.680534678,0.698308302,1.982917002
1.603285811,0.600599451,1.954454402
1.478269519,0.477873264,1.892560141
1.306361554,0.329415066,1.796880557
1.09410093,0.159889785,1.671696137
0.854091304,-0.020359347,1.526098571
0.604322737,-0.196009151,1.373458581
0.365897048,-0.348846668,1.229805438
0.159204856,-0.461452074,1.110719729
-0.001808592,-0.523659037,1.025472924
-0.119432884,-0.544946717,0.965937124
-0.223633877,-0.56898299,0.894483819
-0.356738452,-0.652589112,0.763031287
-0.516709239,-0.787341575,0.580076966
-0.667261308,-0.905975168,0.40514275
-0.801160348,-0.979119737,0.264526396
-0.918095933,-1.005836,0.160916553
-1.005948101,-0.983129428,0.100759278
-1.054522899,-0.911352175,0.087001163
-1.060919294,-0.796350434,0.116123097
-1.027625546,-0.646862388,0.180802072
-0.96016067,-0.472431541,0.272295132
-0.86518772,-0.281945372,0.3821158
-0.74906784,-0.082623243,0.503135096
-0.617039834,0.120344668,0.629991665
-0.473094477,0.323471829,0.758866019
-0.320377855,0.524186238,0.886868511
-0.161843436,0.719891569,1.011326132
-0.000887616,0.907146559,1.129186349
0.158235208,1.081152815,1.236677903
0.310371006,1.235688816,1.329320069
0.449913911,1.363597915,1.402347853
0.571806104,1.457894687,1.45159279
0.926060802,1.916034031,1.739687835
1.036656066,1.983218344,1.767716929
1.123856983,2.008749272,1.768659598
1.192043303,1.995193676,1.746779721
1.250929249,1.951124108,1.711385223
1.314295232,1.890390765,1.676300689
1.396045788,1.829012099,1.657303881
1.503610408,1.7798179,1.667232855
1.630356323,1.746092783,1.70923278
1.750546989,1.716018022,1.77005928
1.827776371,1.666742493,1.823919349
1.858901294,1.599802828,1.866782216
1.897850335,1.554463578,1.93103056
1.967482804,1.525929251,2.015314043
2.040034582,1.475224564,2.086795846
2.107810395,1.406329394,2.143875276
2.17813689,1.343732452,2.202021869
2.248422514,1.296831692,2.266037633
2.30724669,1.259984267,2.329270518
2.342042112,1.222259733,2.381171822
2.342511036,1.172910477,2.411862001
2.300986271,1.103027734,2.413549481
2.212140764,1.005888053,2.380706552
2.07298458,0.877203396,2.310105536
1.883318395,0.715625417,2.20110179
1.646639053,0.523552084,2.056209084
1.371282402,0.308034854,1.881774894
1.071148834,0.081231337,1.6883289
0.765105134,-0.140275717,1.490126893
0.474675434,-0.337493669,1.303716835
0.22066771,-0.491887338,1.14569683
0.019461713,-0.589073775,1.029320602
-0.122570128,-0.626010452,0.957573543
-0.220486685,-0.626341391,0.909461494
-0.320136352,-0.652174718,0.830873372
-0.463209666,-0.756992236,0.676227955
-0.627139493,-0.901316064,0.480939981
-0.774059272,-1.012961941,0.309523062
-0.903637182,-1.075945175,0.176732825
-1.015093845,-1.093276155,0.0818488
-1.097648052,-1.063981623,0.029130767
-1.143429492,-0.989837798,0.019665081
-1.150532878,-0.876532456,0.049698741
-1.121339663,-0.731832108,0.112613892
-1.060749633,-0.564149573,0.200631839
-0.974650984,-0.381338637,0.306194923
-0.868622818,-0.189703884,0.423004402
-0.747088591,0.006500283,0.546515253
-0.613043303,0.204978258,0.673872091
-0.468272596,0.404843685,0.803457464
-0.31386826,0.605843491,0.934273001
-0.150846576,0.807557381,1.065325119
0.019269117,1.008701286,1.195115486
0.193990908,1.206607872,1.321286726
0.369601681,1.396937755,1.440455211
0.54115172,1.573681111,1.548265179
0.702789167,1.72951982,1.639706384
0.848485485,1.856614414,1.70973679
1.260186938,2.359301569,2.026646219
1.398454583,2.464200038,2.077792417
1.510380694,2.526851697,2.099956042
1.59682761,2.546094284,2.094118235
1.663571804,2.525981297,2.065565266
1.721469975,2.476267963,2.02435108
1.784824222,2.411247299,1.984484699
1.867207065,2.346318662,1.961188687
1.974996343,2.292666078,1.966117015
2.100741565,2.25185251,2.001374847
2.219902072,2.212421156,2.054327587
2.298457808,2.154073733,2.101011781
2.331103427,2.078333871,2.13653317
2.372087021,2.027906596,2.195844053
2.452915173,2.00558643,2.28538947
2.543065245,1.964641525,2.368312935
2.628966775,1.900899503,2.437049941
2.719989227,1.841961928,2.508976487
2.817338661,1.802757228,2.592626386
2.911849372,1.780954011,2.68331012
2.992334132,1.767343975,2.771175126
3.049326975,1.75202081,2.846530735
3.075116216,1.72598792,2.901358718
3.063231862,1.681343263,2.929276699
3.008403347,1.611442332,2.925279864
2.906752985,1.511135365,2.885600771
2.755908577,1.376920418,2.807694123
2.555052906,1.207058776,2.6903794
2.305231965,1.001922763,2.534259776
2.010284912,0.764837743,2.342493537
1.678348817,0.50329419,2.12173771
1.323112668,0.22978812,1.882730338
0.963529894,-0.038692986,1.639898606
0.62139154,-0.282814689,1.409859799
0.317730483,-0.483753745,1.209365585
0.069729846,-0.625697101,1.053162633
-0.111904774,-0.69901701,0.950589178
-0.229048008,-0.709208198,0.896788856
-0.310312539,-0.696036526,0.855990115
-0.414030221,-0.73638745,0.760796446
-0.569755428,-0.865781514,0.580878735
-0.734418558,-1.013720231,0.379273064
-0.876466542,-1.115504126,0.214765287
-1.001427067,-1.16821459,0.090561372
-1.107642241,-1.177102621,0.003931983
-1.18569861,-1.142625615,-0.042517983
-1.229497467,-1.067394971,-0.048890978
-1.237845754,-0.956843946,-0.01896403
-1.213084403,-0.818024133,0.041186189
-1.159729817,-0.658580316,0.124455078
-1.08318644,-0.485699688,0.223912408
-0.988572131,-0.305154132,0.33378635
-0.879885757,-0.120734942,0.449995314
-0.759655294,0.065796816,0.570185133
-0.629023718,0.2543369,0.693402845
-0.488120553,0.445831229,0.819591812
-0.336559348,0.641608198,0.949057162
-0.173949782,0.842755424,1.081986402
-0.000366139,1.049585494,1.218058153
0.183254883,1.261203611,1.35614574
0.374808177,1.475187289,1.494118611
0.570838531,1.687403805,1.628754237
0.766532332,1.892011876,1.755786925
0.955942306,2.08170774,1.87012982
1.132500378,2.248273337,1.966307065
1.60656854,2.804012326,2.316066399
1.780303037,2.954001471,2.396135491
1.926775154,3.062944876,2.447057574
2.044093032,3.126953157,2.467435889
2.13440404,3.146258269,2.459223466
2.20469841,3.12620156,2.428554098
2.266669045,3.07737464,2.38597594
2.334802948,3.014136413,2.345439499
2.4220276,2.950935498,2.321427356
2.533348868,2.896996142,2.324240069
2.660099537,2.851759209,2.354663544
2.778683353,2.80380207,2.400352413
2.858485936,2.736204898,2.439651523
2.894092027,2.65231375,2.468014374
2.938526892,2.597178475,2.521868056
3.030066276,2.580726256,2.615107123
3.135846048,2.549341968,2.707962117
3.234378928,2.488026396,2.78512858
3.335617321,2.425538693,2.864202216
3.445288488,2.382813899,2.95740183
3.558180974,2.362332346,3.06271253
3.666229378,2.35820991,3.171858877
3.762039936,2.362633801,3.276168681
3.838368236,2.367215721,3.3681062
3.88757955,2.363161138,3.441161332
3.902185644,2.341893895,3.48969571
3.875829312,2.295970379,3.509016861
3.804037618,2.219791397,3.495502419
3.684470691,2.10986045,3.446617867
3.516668059,1.964574844,3.360789536
3.301437635,1.783695945,3.237205118
3.040192669,1.567811304,3.075725988
2.734757491,1.318271604,2.877181525
2.38822824,1.038059559,2.644248887
2.007003921,0.73354015,2.382763343
1.603011539,0.416121572,2.102764089
1.194274711,0.102334549,1.818372069
0.802641922,-0.188341231,1.546199315
0.449645721,-0.436804232,1.303048089
0.152956122,-0.626876925,1.104022869
-0.075210977,-0.746615941,0.961014792
-0.229851391,-0.791521533,0.878825049
-0.321435762,-0.776980826,0.843218183
-0.392872459,-0.76060152,0.802068021
-0.508873486,-0.826524069,0.681285983
-0.676325461,-0.978428976,0.478177404
-0.838107315,-1.123313712,0.276779628
-0.97460455,-1.213533779,0.121388718
-1.094916231,-1.256412423,0.005877452
-1.196367875,-1.258073903,-0.073339153
-1.270815868,-1.21987364,-0.114795292
-1.31348278,-1.144814122,-0.119266593
-1.323684719,-1.038019532,-0.09042394
-1.303750243,-0.905990392,-0.033913406
-1.257938608,-0.755813527,0.043658987
-1.191320511,-0.594202975,0.135820869
-1.108708023,-0.426580349,0.23716869
-1.013860295,-0.256492283,0.3439054
-0.909102035,-0.085486475,0.453932942
-0.795330925,0.086625903,0.566609041
-0.672287566,0.261285868,0.682330003
-0.538947352,0.440635972,0.80207454
-0.393933991,0.627001005,0.926987525
-0.235905789,0.822437903,1.058032474
-0.063902691,1.028354189,1.195711347
0.122342148,1.245180237,1.339839497
0.322124516,1.472085749,1.489366752
0.533536951,1.70674753,1.642246652
0.753312492,1.945197008,1.795369673
0.9767912,2.181794899,1.944588384
1.198063759,2.4093895,2.084868559
1.410339984,2.619708621,2.210597196
1.60656854,2.804012326,2.316066399
0.748517943,0.845941786,1.615561611
0.901500802,0.916524859,1.717629337
0.94373333,0.882283733,1.768992372
0.855678007,0.767763559,1.733642484
0.694455345,0.631787902,1.619544831
0.571230909,0.58088576,1.51566809
0.579125602,0.672427705,1.510985468
0.714205449,0.820872498,1.594277349
0.778977594,1.004405065,1.640027316
0.940811386,1.08074171,1.731407371
1.077262116,1.112763686,1.818268466
1.14893666,1.096578888,1.883352474
1.154134593,1.041652363,1.92068455
1.101135827,0.950992419,1.918950301
0.989395252,0.82915353,1.866108451
0.836143009,0.694378016,1.767875605
0.664454915,0.557453917,1.634017574
0.510253708,0.453534687,1.498749849
0.407553886,0.431026659,1.40742043
0.379915863,0.504303174,1.383990998
0.437457184,0.650479336,1.427270526
0.559477523,0.818483207,1.510027448
0.713780151,0.960582872,1.603145871
0.858476178,1.228309175,1.714756083
1.005521916,1.289696116,1.784976206
1.150720674,1.322992683,1.857737517
1.278364799,1.335049752,1.933529277
1.357245632,1.317743431,1.997107814
1.388834032,1.277456294,2.047809623
1.390359428,1.217508713,2.084945065
1.346735713,1.118879441,2.08511926
1.2531352,0.989954123,2.044555914
1.123821461,0.856551768,1.976955354
0.976923577,0.736735537,1.894191316
0.822735862,0.629008563,1.795975306
0.65693091,0.510893282,1.66822164
0.48788415,0.384011452,1.517135251
0.348365592,0.299753411,1.386252996
0.254099276,0.290800492,1.303217815
0.217634177,0.361866814,1.278221659
0.248757922,0.501774431,1.311413043
0.339290599,0.682961585,1.387568907
0.469334084,0.872574687,1.484573674
0.617754297,1.041988328,1.582533539
0.769138029,1.172112108,1.66921856
0.997384861,1.518216599,1.84329202
1.126918679,1.566186527,1.894377398
1.255789269,1.585616314,1.942883376
1.388209176,1.591753111,2.00068762
1.510349592,1.589138715,2.067183001
1.591895841,1.566175057,2.1262634
1.632477434,1.526486139,2.177194289
1.659349133,1.480502205,2.228822442
1.659686476,1.401430717,2.256620453
1.615635727,1.27942309,2.244343458
1.530673751,1.134664202,2.20046782
1.410724826,0.984513002,2.134639387
1.262388854,0.839319303,2.053309622
1.099422243,0.710641989,1.965195752
0.940896143,0.610790353,1.880499024
0.797548464,0.538985895,1.799880687
0.655240951,0.464389692,1.701386663
0.491608545,0.350589301,1.55993069
0.327580761,0.227350095,1.402175052
0.198076124,0.157236337,1.277978881
0.109757921,0.159155015,1.202600158
0.071900555,0.233093327,1.180720254
0.092753646,0.370836717,1.211988309
0.168235517,0.55409995,1.286120445
0.285719865,0.760820464,1.387738222
0.429779231,0.970036322,1.501143302
0.585655958,1.163729824,1.612688237
0.741128324,1.327398979,1.71190623
0.887995452,1.450967826,1.792590335
1.195206908,1.865960292,2.020972095
1.312436301,1.908880693,2.0597412
1.423519641,1.919044358,2.088601997
1.53836013,1.910300814,2.120283131
1.661528022,1.896970395,2.16581811
1.779787469,1.881913594,2.223758384
1.862694965,1.851657568,2.277322414
1.906394004,1.807143517,2.324130642
1.945792688,1.766456172,2.38058648
1.976836562,1.704934339,2.427109616
1.97557915,1.599941813,2.439342553
1.943440106,1.469197715,2.423695508
1.884463169,1.331622639,2.390512256
1.793104533,1.190011622,2.339837296
1.662517686,1.040425975,2.267523508
1.493158256,0.882702437,2.172983112
1.296269846,0.725228853,2.062843187
1.092822848,0.584592805,1.95065829
0.907853076,0.480128407,1.852526678
0.758766595,0.421404357,1.776976343
0.637363996,0.387922858,1.708918563
0.503838383,0.32328343,1.605798278
0.33692535,0.199711791,1.448610003
0.177626155,0.079957302,1.288907437
0.056243026,0.02285458,1.172616396
-0.026470309,0.035079941,1.105104303
-0.062819614,0.113613066,1.087970887
-0.0463257,0.250850631,1.119905223
0.020376752,0.432810511,1.192884182
0.12850704,0.643334163,1.295486829
0.266955191,0.867152857,1.41589962
0.424621364,1.091055154,1.54342601
0.591416084,1.303828157,1.668925935
0.758433111,1.495639105,1.78469313
0.918034517,1.657652445,1.884400017
1.064471342,1.782524529,1.963608581
1.195206908,1.865960292,2.020972095
1.444566171,2.258995421,2.238753614
1.558025694,2.307251203,2.27358428
1.659047514,2.318986309,2.292239259
1.756924473,2.303800755,2.304662761
1.862075722,2.275645263,2.323475054
1.978759759,2.247524742,2.358701995
2.094217914,2.221342856,2.408512301
2.178173161,2.183083488,2.456073418
2.223006929,2.131417224,2.497059248
2.268517249,2.090843776,2.553344694
2.321849731,2.043719383,2.613157961
2.355228583,1.957241446,2.646122215
2.368210782,1.845418038,2.65583141
2.369473483,1.733377445,2.657043188
2.353934703,1.626759253,2.651795194
2.307552744,1.516659075,2.631824158
2.2170175,1.391251158,2.587019566
2.074934335,1.242564701,2.510637619
1.881854423,1.069412967,2.401583628
1.647106944,0.878574776,2.265303182
1.388669064,0.684768683,2.11376766
1.131313398,0.508959776,1.964213717
0.902313398,0.374294044,1.835940148
0.723877126,0.298204284,1.743769039
0.599812473,0.277027934,1.685384611
0.497859303,0.265033685,1.625014499
0.361798249,0.190145733,1.507149695
0.188797077,0.052499302,1.334296477
0.03540268,-0.060535372,1.177106574
-0.078446621,-0.104587235,1.069740285
-0.155556851,-0.082459824,1.010202566
-0.189371622,0.000824952,0.998094389
-0.175024563,0.137711405,1.031245035
-0.11460736,0.316635802,1.102897947
-0.014798495,0.524849968,1.203993698
0.115867412,0.750464242,1.325188193
0.268879616,0.983464858,1.458069051
0.436697683,1.215875855,1.59562688
0.612830796,1.441189008,1.732069041
0.791404163,1.653444915,1.862298386
0.966691059,1.84645231,1.981455008
1.133011121,2.013535865,2.084827025
1.285225653,2.148029149,2.168290863
1.419852776,2.244533772,2.22928736
1.734194082,2.682822174,2.485523679
1.853534679,2.746948356,2.524926696
1.955181531,2.772186709,2.543601292
2.045893405,2.763949126,2.548184403
2.135874323,2.732609764,2.549078863
2.235402241,2.691539145,2.558376772
2.348160928,2.652298867,2.585091431
2.461852706,2.616185068,2.627238755
2.546992608,2.569684061,2.668552109
2.592738171,2.510009595,2.703103145
2.641221095,2.466439461,2.756364462
2.711367661,2.430713198,2.825613341
2.773076842,2.361879551,2.876130729
2.82137204,2.266916665,2.906360575
2.869225935,2.176167465,2.934666041
2.916000253,2.101535467,2.967693115
2.947863542,2.035808837,2.99831036
2.948274559,1.964859613,3.014314564
2.903760104,1.875261844,3.004343954
2.805312496,1.756986586,2.960076451
2.648463827,1.604179911,2.876808007
2.433634632,1.415752605,2.753800991
2.167053867,1.19622404,2.594835293
1.861789504,0.956511894,2.408780095
1.53792124,0.713924496,2.20965372
1.220905417,0.490662089,2.015629116
0.938005963,0.310722089,1.846744998
0.713268091,0.19514371,1.720952871
0.559712307,0.153112663,1.646368658
0.464105267,0.163259673,1.60584974
0.371497218,0.155051967,1.543162662
0.223284164,0.056467219,1.402384012
0.045598817,-0.092386469,1.217580928
-0.100206101,-0.194807366,1.066959806
-0.206762774,-0.225809641,0.969138367
-0.278465092,-0.194530394,0.917293328
-0.309710786,-0.107205678,0.909735172
-0.296918957,0.028699075,0.943752087
-0.241936306,0.203251998,1.013476143
-0.150213796,0.405849539,1.111359948
-0.028775991,0.626620334,1.229588426
0.115394603,0.857387709,1.361160348
0.276358198,1.0920828,1.500476894
0.449474223,1.326488417,1.643330568
0.631059953,1.557481218,1.78645117
0.81776178,1.7820973,1.926888077
1.005942907,1.996720883,2.061473931
1.191308261,2.19660066,2.186528865
1.368904713,2.375814263,2.297892584
1.533569039,2.527741351,2.391323428
1.680827773,2.646047141,2.463260664
2.051258139,3.122707343,2.749721632
2.185771461,3.212190332,2.801391643
2.298946052,3.261983764,2.829524303
2.394674505,3.273992863,2.837782828
2.48085511,3.254738097,2.833550228
2.568056045,3.214770346,2.827276061
2.666024133,3.166457828,2.830288233
2.777611721,3.119707095,2.850500505
2.89085448,3.075212737,2.885771312
2.977694208,3.020721598,2.920873164
3.025160228,2.953139461,2.948994857
3.075612661,2.905021946,2.997691716
3.15908391,2.878282349,3.073506502
3.244798496,2.826015905,3.139207853
3.320623186,2.745085531,3.186002697
3.401384879,2.668235697,3.233671693
3.491139565,2.613748496,3.293425705
3.578345682,2.578072343,3.360697151
3.646965097,2.548265039,3.423826488
3.683300718,2.510821213,3.470972952
3.677180108,2.454440901,3.492529437
3.621188883,2.370205246,3.481278481
3.510052346,2.251399354,3.432066432
3.340556248,2.093595013,3.341663412
3.111924948,1.895043496,3.208961602
2.826696334,1.657439065,3.035550166
2.492125662,1.387057703,2.826603957
2.121684153,1.095872764,2.591752657
1.735557259,0.801760447,2.345311116
1.359053566,0.52702854,2.105349147
1.019038939,0.295496968,1.891672787
0.739797745,0.129098876,1.723140606
0.5387588,0.043447449,1.613547192
0.418174053,0.037198337,1.562103663
0.346632941,0.068828661,1.534630373
0.250738694,0.047117826,1.457766443
0.085368036,-0.081207659,1.290221113
-0.092846874,-0.234340299,1.099704054
-0.2297273,-0.323037657,0.958774956
-0.329326452,-0.341462448,0.870579927
-0.396136454,-0.302201102,0.825723102
-0.42534037,-0.212033465,0.8218042
-0.414282451,-0.078118206,0.855925043
-0.364653575,0.090866652,0.922944068
-0.281142534,0.285767253,1.016343943
-0.169863573,0.49797345,1.129283008
-0.036916244,0.72035955,1.255611337
0.112645263,0.947866437,1.390547056
0.275221659,1.177500165,1.530821808
0.448505692,1.407815733,1.674374783
0.630965303,1.638125083,1.819809149
0.821208208,1.867668227,1.965812378
1.017401076,2.094909917,2.110672151
1.216849526,2.317052076,2.251957312
1.415803984,2.529812462,2.386398616
1.60953754,2.727505323,2.509990425
1.792728896,2.90345101,2.618327874
1.960161014,3.050723078,2.707182927
2.383412772,3.565334344,3.020767256
2.540885358,3.687601289,3.090810232
2.675018505,3.770804145,3.136049383
2.787169304,3.814188718,3.157790547
2.882458903,3.820918378,3.16056368
2.969543496,3.798208605,3.152188621
3.058973966,3.756356336,3.142881307
3.159642838,3.70636825,3.143004764
3.273259459,3.656179827,3.159197194
3.38792549,3.605624879,3.188967407
3.477497787,3.54415125,3.218387633
3.528308496,3.469681938,3.240651243
3.581435131,3.416916923,3.284296404
3.676296627,3.397540204,3.364577012
3.783205805,3.361110596,3.443745298
3.881146912,3.292243052,3.504451055
3.983998924,3.22289521,3.565465644
4.099832822,3.176914118,3.64174362
4.220201887,3.155141796,3.731599465
4.331136608,3.147293101,3.824797145
4.420773976,3.141766963,3.91035804
4.480212861,3.128413851,3.979255135
4.502178825,3.098315608,4.024375798
4.480309853,3.043522693,4.040003596
4.409285955,2.957308979,4.021556923
4.285178263,2.834550669,3.965534281
4.105596962,2.671895921,3.869507565
3.869621896,2.467720938,3.732148097
3.577827793,2.222161437,3.553432897
3.232903143,1.937655682,3.335250312
2.841206682,1.620247742,3.082479527
2.41486673,1.281228191,2.80419487
1.973001768,0.937896151,2.514196859
1.540465072,0.6122759,2.230161242
1.144042968,0.327991535,1.971543903
0.808079992,0.106953779,1.757192221
0.5514577,-0.033098397,1.603062477
0.384374658,-0.082868261,1.517780957
0.297736486,-0.055835027,1.489991526
0.2409828,-0.015792073,1.466679646
0.129801631,-0.066088449,1.364321635
-0.052437129,-0.222941567,1.171238355
-0.226140928,-0.372130198,0.982116929
-0.353511608,-0.445369305,0.85278081
-0.446740591,-0.452240735,0.773742706
-0.509461183,-0.406502962,0.734823172
-0.537450943,-0.314924634,0.733406362
-0.528663045,-0.184146101,0.766704786
-0.484660309,-0.021817832,0.830204777
-0.409635475,0.163939061,0.918120151
-0.309129716,0.365346607,1.024253444
-0.188714661,0.575908263,1.142984662
-0.052963324,0.791090233,1.269999091
0.095050097,1.008484561,1.402535551
0.253725906,1.227480042,1.539201168
0.422558331,1.448634419,1.679530617
0.601595403,1.672953721,1.823465932
0.79088542,1.901218942,1.970873014
0.989992516,2.133429363,2.121151298
1.197621341,2.368388877,2.272957075
1.411374657,2.603448511,2.424048268
1.627668229,2.834422807,2.571259506
1.841831908,3.055705277,2.710620574
2.048423875,3.260607328,2.837631338
2.241771304,3.441931223,2.947698762
2.720338029,4.000103717,3.290114282
2.906332838,4.159873976,3.38257931
3.068288116,4.28219167,3.450105529
3.205647529,4.364545821,3.492356925
3.321061247,4.407566626,3.511592443
3.42067513,4.415464192,3.513030288
3.513611192,4.395824127,3.50469645
3.610100484,4.358348263,3.496358245
3.717896124,4.312367545,3.497235822
3.837242259,4.263500933,3.512483466
3.955949777,4.210305686,3.53895424
4.050046355,4.144026007,3.564033561
4.106668002,4.064855741,3.581758415
4.164730175,4.008906697,3.620922603
4.270442717,3.996242393,3.704309466
4.396832785,3.975377262,3.79570376
4.513505749,3.917856722,3.868864676
4.6308539,3.851807548,3.939273883
4.760212291,3.805612432,4.02459725
4.897209351,3.785309098,4.126256112
5.031604335,3.784792945,4.23618387
5.154939154,3.795909832,4.345114198
5.260568187,3.810763267,4.445309559
5.341640431,3.820934262,4.530244145
5.390532959,3.817299036,4.594018356
5.399662663,3.790877781,4.631303743
5.362574103,3.733920574,4.637583211
5.2746595,3.640659423,4.609371503
5.133398776,3.50758902,4.544287221
4.938202471,3.333330099,4.440965815
4.689939965,3.11815683,4.298846475
4.39026788,2.863327847,4.117925432
4.041077995,2.570562001,3.898695343
3.644693663,2.242248523,3.642611736
3.205465673,1.882900637,3.353317287
2.732618871,1.501554279,3.038320332
2.242710019,1.113583882,2.710118906
1.759337932,0.740088962,2.38567998
1.309335666,0.404599902,2.084210783
0.917583582,0.129116927,1.824475
0.603589259,-0.068209003,1.622951851
0.3804076,-0.174204561,1.492190714
0.251336446,-0.186160612,1.435045418
0.19477864,-0.132043129,1.427390261
0.140579962,-0.099038882,1.396513903
0.005238853,-0.188601836,1.260122661
-0.189036029,-0.366736637,1.047366661
-0.3538362,-0.504603563,0.866112895
-0.471910846,-0.562081129,0.749035527
-0.559618422,-0.558893987,0.678210978
-0.619246514,-0.50838658,0.643949013
-0.646975202,-0.416892433,0.643817824
-0.641127316,-0.290394206,0.675342695
-0.60315636,-0.135685504,0.734549583
-0.53692126,0.03987527,0.816182711
-0.447581104,0.229092848,0.91448929
-0.340366375,0.425880047,1.024200285
-0.2195742,0.625989668,1.141281244
-0.088027366,0.827272579,1.263238519
0.052989054,1.029472963,1.389015593
0.203452257,1.233728121,1.518636182
0.364160154,1.441958573,1.652753743
0.536255294,1.656277764,1.792214799
0.720786134,1.878482592,1.937687015
0.91833229,2.109638842,2.089365081
1.128698871,2.349755825,2.246751013
1.350682858,2.597545743,2.408504648
1.581923437,2.850275809,2.572367435
1.818859724,3.103735491,2.735171437
2.056825973,3.352349311,2.892950432
2.290310881,3.589461323,3.041167518
2.513392572,3.807799652,3.175063294
2.720338029,4.000103717,3.290114282
